Workbook
Name BRA: 'Currencies & CETs'!$B$4
Name cet_BRA_hi: 'Currencies & CETs'!$I$4
Name cet_BRA_lo: 'Currencies & CETs'!$H$4
Name cet_BRA_Woods: 'Currencies & CETs'!#REF!
Name cet_IND_hi: 'Currencies & CETs'!$I$15
Name cet_IND_lo: 'Currencies & CETs'!$H$15
Name cet_IND_Woods: 'Currencies & CETs'!#REF!
Name cet_ZAF_hi: 'Currencies & CETs'!$I$26
Name cet_ZAF_lo: 'Currencies & CETs'!$H$26
Name cet_ZAF_Woods: 'Currencies & CETs'!#REF!
Name IND: 'Currencies & CETs'!$B$15
Name ZAF: 'Currencies & CETs'!$B$26

Sheet ceasumm_raw_results (260519)
B1: iso | C1: intv | D1: run | E1: c_Int | F1: DALY | G1: QALY | H1: Inc_costs | I1: DALY_avert | J1: QALY_gains | K1: ICERs | L1: NB_low | M1: NB_high | O1: Mean cost | P1: Median cost | Q1: 2.5% cost | R1: 97.5% cost | S1: Med incr cost | T1: Mean DALY | U1: Median DALY | V1: 2.5% DALY | W1: 97.5% DALY | Y1: < lower Och CET? | Z1: < upper Och CET? | AA1: % CE at low Och CET | AB1: % CE at high Och CET | AC1: version 2: | AD1: < lower Och CET? | AE1: < upper Och CET? | AF1: % CE at low Och CET | AG1: % CE at high Och CET | AI1: Low mismatch | AJ1: High mismatch | AL1: c_Int<0 | AM1: % c_Int<0
A2: 1 | B2: BRA | C2: BAU | D2: 1 | E2: 1.9136745e+09 | F2: 6718255.7 | G2: 4.4891806e+09 | H2: 0 | I2: 0 | J2: 0 | K2: NA | L2: 0 | M2: 0 | O2: =AVERAGE(E2:E501) -> 1.6111629e+09 | P2: =_xlfn.PERCENTILE.INC(E2:E501,0.5) -> 1.5685268e+09 | Q2: =_xlfn.PERCENTILE.INC(E2:E501,0.025) -> 9.9586562e+08 | R2: =_xlfn.PERCENTILE.INC(E2:E501,0.975) -> 2.3960757e+09 | S2: =_xlfn.PERCENTILE.INC(H2:H501,0.5) -> 0 | T2: =AVERAGE(F2:F501) -> 6489723.6 | U2: =_xlfn.PERCENTILE.INC(F2:F501,0.5) -> 6494616.6 | V2: =_xlfn.PERCENTILE.INC(F2:F501,0.025) -> 5742336.3 | W2: =_xlfn.PERCENTILE.INC(F2:F501,0.975) -> 7190390.5 | AL2: =IF(H2<0,1,0) -> 0 | AM2: =AVERAGE(AL2:AL501) -> 0
A3: 2 | B3: BRA | C3: BAU | D3: 2 | E3: 1.4550541e+09 | F3: 6987005.2 | G3: 4.4891184e+09 | H3: 0 | I3: 0 | J3: 0 | K3: NA | L3: 0 | M3: 0 | AL3: =IF(H3<0,1,0) -> 0
A4: 3 | B4: BRA | C4: BAU | D4: 3 | E4: 1.6038309e+09 | F4: 6212602 | G4: 4.4870468e+09 | H4: 0 | I4: 0 | J4: 0 | K4: NA | L4: 0 | M4: 0 | AL4: =IF(H4<0,1,0) -> 0
A5: 4 | B5: BRA | C5: BAU | D5: 4 | E5: 1.7068068e+09 | F5: 6415317.8 | G5: 4.4897824e+09 | H5: 0 | I5: 0 | J5: 0 | K5: NA | L5: 0 | M5: 0 | AL5: =IF(H5<0,1,0) -> 0
A6: 5 | B6: BRA | C6: BAU | D6: 5 | E6: 1.367878e+09 | F6: 6033101.9 | G6: 4.486885e+09 | H6: 0 | I6: 0 | J6: 0 | K6: NA | L6: 0 | M6: 0 | AL6: =IF(H6<0,1,0) -> 0
A7: 6 | B7: BRA | C7: BAU | D7: 6 | E7: 1.2222035e+09 | F7: 6237820.6 | G7: 4.4871295e+09 | H7: 0 | I7: 0 | J7: 0 | K7: NA | L7: 0 | M7: 0 | AL7: =IF(H7<0,1,0) -> 0
A8: 7 | B8: BRA | C8: BAU | D8: 7 | E8: 1.4188236e+09 | F8: 6281229.2 | G8: 4.4880226e+09 | H8: 0 | I8: 0 | J8: 0 | K8: NA | L8: 0 | M8: 0 | AL8: =IF(H8<0,1,0) -> 0
A9: 8 | B9: BRA | C9: BAU | D9: 8 | E9: 1.6469556e+09 | F9: 6708784.9 | G9: 4.491034e+09 | H9: 0 | I9: 0 | J9: 0 | K9: NA | L9: 0 | M9: 0 | AL9: =IF(H9<0,1,0) -> 0
A10: 9 | B10: BRA | C10: BAU | D10: 9 | E10: 2.6006574e+09 | F10: 6174052.3 | G10: 4.4887251e+09 | H10: 0 | I10: 0 | J10: 0 | K10: NA | L10: 0 | M10: 0 | AL10: =IF(H10<0,1,0) -> 0
A11: 10 | B11: BRA | C11: BAU | D11: 10 | E11: 2.2006505e+09 | F11: 7127383.4 | G11: 4.4901623e+09 | H11: 0 | I11: 0 | J11: 0 | K11: NA | L11: 0 | M11: 0 | AL11: =IF(H11<0,1,0) -> 0
A12: 11 | B12: BRA | C12: BAU | D12: 11 | E12: 1.5710401e+09 | F12: 6495027.9 | G12: 4.488279e+09 | H12: 0 | I12: 0 | J12: 0 | K12: NA | L12: 0 | M12: 0 | AL12: =IF(H12<0,1,0) -> 0
A13: 12 | B13: BRA | C13: BAU | D13: 12 | E13: 1.2650066e+09 | F13: 6793279.9 | G13: 4.4890955e+09 | H13: 0 | I13: 0 | J13: 0 | K13: NA | L13: 0 | M13: 0 | AL13: =IF(H13<0,1,0) -> 0
A14: 13 | B14: BRA | C14: BAU | D14: 13 | E14: 1.2944085e+09 | F14: 6746611.8 | G14: 4.4860779e+09 | H14: 0 | I14: 0 | J14: 0 | K14: NA | L14: 0 | M14: 0 | AL14: =IF(H14<0,1,0) -> 0
... A501: 500 | B501: BRA | C501: BAU | D501: 500 | E501: 1.921023e+09 | F501: 6760420.1 | G501: 4.4901251e+09 | H501: 0 | I501: 0 | J501: 0 | K501: NA | L501: 0 | M501: 0 | AL501: =IF(H501<0,1,0) -> 0
A502: 501 | B502: BRA | C502: DGN | D502: 1 | E502: 3.2168927e+09 | F502: 6479142 | G502: 4.4875984e+09 | H502: 1.3032182e+09 | I502: 239113.7 | J502: -1582149.2 | K502: 5450.203 | L502: 52072.473 | M502: 117711.54 | O502: =AVERAGE(E502:E1001) -> 2.1831962e+09 | P502: =_xlfn.PERCENTILE.INC(E502:E1001,0.5) -> 2.116189e+09 | Q502: =_xlfn.PERCENTILE.INC(E502:E1001,0.025) -> 1.4366555e+09 | R502: =_xlfn.PERCENTILE.INC(E502:E1001,0.975) -> 3.3808053e+09 | S502: =_xlfn.PERCENTILE.INC(H502:H1001,0.5) -> 5.4230203e+08 | T502: =AVERAGE(F502:F1001) -> 6349912.8 | U502: =_xlfn.PERCENTILE.INC(F502:F1001,0.5) -> 6379351.6 | V502: =_xlfn.PERCENTILE.INC(F502:F1001,0.025) -> 5597758.4 | W502: =_xlfn.PERCENTILE.INC(F502:F1001,0.975) -> 7077693.5 | Y502: =IF(K502<cet_BRA_lo,1,0) -> 1 | Z502: =IF(K502<cet_BRA_hi,1,0) -> 1 | AA502: =AVERAGE(Y502:Y1001) -> 0.808 | AB502: =AVERAGE(Z502:Z1001) -> 0.922 | AD502: =IF(L502<0,0,1) -> 1 | AE502: =IF(M502<0,0,1) -> 1 | AF502: =AVERAGE(AD502:AD1001) -> 0.808 | AG502: =AVERAGE(AE502:AE1001) -> 0.922 | AI502: =IF(Y502<>AD502,"ERROR!","") | AJ502: =IF(Z502<>AE502,"ERROR!","") | AL502: =IF(H502<0,1,0) -> 0 | AM502: =AVERAGE(AL502:AL1001) -> 0.08
A503: 502 | B503: BRA | C503: DGN | D503: 2 | E503: 2.0033601e+09 | F503: 6857083.6 | G503: 4.4880137e+09 | H503: 5.4830604e+08 | I503: 129921.59 | J503: -1104677.8 | K503: 4220.2842 | L503: 51227.299 | M503: 78843.776 | Y503: =IF(K503<cet_BRA_lo,1,0) -> 1 | Z503: =IF(K503<cet_BRA_hi,1,0) -> 1 | AD503: =IF(L503<0,0,1) -> 1 | AE503: =IF(M503<0,0,1) -> 1 | AI503: =IF(Y503<>AD503,"ERROR!","") | AJ503: =IF(Z503<>AE503,"ERROR!","") | AL503: =IF(H503<0,1,0) -> 0
A504: 503 | B504: BRA | C504: DGN | D504: 3 | E504: 1.9626738e+09 | F504: 6144949.6 | G504: 4.4863758e+09 | H504: 3.5884289e+08 | I504: 67652.411 | J504: -671072.06 | K504: 5304.2145 | L504: 16150.356 | M504: 34224.161 | Y504: =IF(K504<cet_BRA_lo,1,0) -> 1 | Z504: =IF(K504<cet_BRA_hi,1,0) -> 1 | AD504: =IF(L504<0,0,1) -> 1 | AE504: =IF(M504<0,0,1) -> 1 | AI504: =IF(Y504<>AD504,"ERROR!","") | AJ504: =IF(Z504<>AE504,"ERROR!","") | AL504: =IF(H504<0,1,0) -> 0
A505: 504 | B505: BRA | C505: DGN | D505: 4 | E505: 3.1258166e+09 | F505: 6157793.6 | G505: 4.4878795e+09 | H505: 1.4190098e+09 | I505: 257524.21 | J505: -1902921.8 | K505: 5510.1998 | L505: 53864.269 | M505: 125335.4 | Y505: =IF(K505<cet_BRA_lo,1,0) -> 1 | Z505: =IF(K505<cet_BRA_hi,1,0) -> 1 | AD505: =IF(L505<0,0,1) -> 1 | AE505: =IF(M505<0,0,1) -> 1 | AI505: =IF(Y505<>AD505,"ERROR!","") | AJ505: =IF(Z505<>AE505,"ERROR!","") | AL505: =IF(H505<0,1,0) -> 0
A506: 505 | B506: BRA | C506: DGN | D506: 5 | E506: 1.8869527e+09 | F506: 5970975.4 | G506: 4.4862021e+09 | H506: 5.1907469e+08 | I506: 62126.488 | J506: -682958.28 | K506: 8355.127 | L506: -12372.447 | M506: 13771.738 | Y506: =IF(K506<cet_BRA_lo,1,0) -> 0 | Z506: =IF(K506<cet_BRA_hi,1,0) -> 1 | AD506: =IF(L506<0,0,1) -> 0 | AE506: =IF(M506<0,0,1) -> 1 | AI506: =IF(Y506<>AD506,"ERROR!","") | AJ506: =IF(Z506<>AE506,"ERROR!","") | AL506: =IF(H506<0,1,0) -> 0
A507: 506 | B507: BRA | C507: DGN | D507: 6 | E507: 1.9919889e+09 | F507: 6161312.6 | G507: 4.4864034e+09 | H507: 7.697854e+08 | I507: 76507.991 | J507: -726110.19 | K507: 10061.503 | L507: -33973.59 | M507: 4798.1176 | Y507: =IF(K507<cet_BRA_lo,1,0) -> 0 | Z507: =IF(K507<cet_BRA_hi,1,0) -> 1 | AD507: =IF(L507<0,0,1) -> 0 | AE507: =IF(M507<0,0,1) -> 1 | AI507: =IF(Y507<>AD507,"ERROR!","") | AJ507: =IF(Z507<>AE507,"ERROR!","") | AL507: =IF(H507<0,1,0) -> 0
A508: 507 | B508: BRA | C508: DGN | D508: 7 | E508: 1.8966983e+09 | F508: 6211072.4 | G508: 4.4873069e+09 | H508: 4.7787477e+08 | I508: 70156.794 | J508: -715682.25 | K508: 6811.5252 | L508: 1570.978 | M508: 25640.051 | Y508: =IF(K508<cet_BRA_lo,1,0) -> 1 | Z508: =IF(K508<cet_BRA_hi,1,0) -> 1 | AD508: =IF(L508<0,0,1) -> 1 | AE508: =IF(M508<0,0,1) -> 1 | AI508: =IF(Y508<>AD508,"ERROR!","") | AJ508: =IF(Z508<>AE508,"ERROR!","") | AL508: =IF(H508<0,1,0) -> 0
A509: 508 | B509: BRA | C509: DGN | D509: 8 | E509: 2.7530671e+09 | F509: 6564200.2 | G509: 4.4897072e+09 | H509: 1.1061115e+09 | I509: 144584.67 | J509: -1326834.1 | K509: 7650.2676 | L509: -14167.285 | M509: 41544.124 | Y509: =IF(K509<cet_BRA_lo,1,0) -> 0 | Z509: =IF(K509<cet_BRA_hi,1,0) -> 1 | AD509: =IF(L509<0,0,1) -> 0 | AE509: =IF(M509<0,0,1) -> 1 | AI509: =IF(Y509<>AD509,"ERROR!","") | AJ509: =IF(Z509<>AE509,"ERROR!","") | AL509: =IF(H509<0,1,0) -> 0
A510: 509 | B510: BRA | C510: DGN | D510: 9 | E510: 2.592178e+09 | F510: 6066653 | G510: 4.4877377e+09 | H510: -8479399.5 | I510: 107399.38 | J510: -987390.16 | K510: -78.952036 | L510: 108616.36 | M510: 108189.28 | Y510: =IF(K510<cet_BRA_lo,1,0) -> 1 | Z510: =IF(K510<cet_BRA_hi,1,0) -> 1 | AD510: =IF(L510<0,0,1) -> 1 | AE510: =IF(M510<0,0,1) -> 1 | AI510: =IF(Y510<>AD510,"ERROR!","") | AJ510: =IF(Z510<>AE510,"ERROR!","") | AL510: =IF(H510<0,1,0) -> 1
A511: 510 | B511: BRA | C511: DGN | D511: 10 | E511: 2.6178834e+09 | F511: 6902196.6 | G511: 4.4885143e+09 | H511: 4.1723293e+08 | I511: 225186.83 | J511: -1647943.9 | K511: 1852.83 | L511: 165304.49 | M511: 186319.22 | Y511: =IF(K511<cet_BRA_lo,1,0) -> 1 | Z511: =IF(K511<cet_BRA_hi,1,0) -> 1 | AD511: =IF(L511<0,0,1) -> 1 | AE511: =IF(M511<0,0,1) -> 1 | AI511: =IF(Y511<>AD511,"ERROR!","") | AJ511: =IF(Z511<>AE511,"ERROR!","") | AL511: =IF(H511<0,1,0) -> 0
A512: 511 | B512: BRA | C512: DGN | D512: 11 | E512: 2.3900741e+09 | F512: 6282423.1 | G512: 4.4868224e+09 | H512: 8.1903399e+08 | I512: 212604.79 | J512: -1456574 | K512: 3852.3779 | L512: 95054.926 | M512: 136307.13 | Y512: =IF(K512<cet_BRA_lo,1,0) -> 1 | Z512: =IF(K512<cet_BRA_hi,1,0) -> 1 | AD512: =IF(L512<0,0,1) -> 1 | AE512: =IF(M512<0,0,1) -> 1 | AI512: =IF(Y512<>AD512,"ERROR!","") | AJ512: =IF(Z512<>AE512,"ERROR!","") | AL512: =IF(H512<0,1,0) -> 0
A513: 512 | B513: BRA | C513: DGN | D513: 12 | E513: 1.7041052e+09 | F513: 6693886.3 | G513: 4.4882082e+09 | H513: 4.3909864e+08 | I513: 99393.513 | J513: -887279.55 | K513: 4417.7797 | L513: 36372.947 | M513: 58488.986 | Y513: =IF(K513<cet_BRA_lo,1,0) -> 1 | Z513: =IF(K513<cet_BRA_hi,1,0) -> 1 | AD513: =IF(L513<0,0,1) -> 1 | AE513: =IF(M513<0,0,1) -> 1 | AI513: =IF(Y513<>AD513,"ERROR!","") | AJ513: =IF(Z513<>AE513,"ERROR!","") | AL513: =IF(H513<0,1,0) -> 0
A514: 513 | B514: BRA | C514: DGN | D514: 13 | E514: 2.5737604e+09 | F514: 6562216.5 | G514: 4.4849371e+09 | H514: 1.2793519e+09 | I514: 184395.31 | J514: -1140796.5 | K514: 6938.0936 | L514: 779.43158 | M514: 65216.426 | Y514: =IF(K514<cet_BRA_lo,1,0) -> 1 | Z514: =IF(K514<cet_BRA_hi,1,0) -> 1 | AD514: =IF(L514<0,0,1) -> 1 | AE514: =IF(M514<0,0,1) -> 1 | AI514: =IF(Y514<>AD514,"ERROR!","") | AJ514: =IF(Z514<>AE514,"ERROR!","") | AL514: =IF(H514<0,1,0) -> 0
... A1001: 1000 | B1001: BRA | C1001: DGN | D1001: 500 | E1001: 2.9976785e+09 | F1001: 6497939.6 | G1001: 4.4882903e+09 | H1001: 1.0766556e+09 | I1001: 262480.53 | J1001: -1834787.3 | K1001: 4101.8493 | L1001: 107956.16 | M1001: 162183.96 | Y1001: =IF(K1001<cet_BRA_lo,1,0) -> 1 | Z1001: =IF(K1001<cet_BRA_hi,1,0) -> 1 | AD1001: =IF(L1001<0,0,1) -> 1 | AE1001: =IF(M1001<0,0,1) -> 1 | AI1001: =IF(Y1001<>AD1001,"ERROR!","") | AJ1001: =IF(Z1001<>AE1001,"ERROR!","") | AL1001: =IF(H1001<0,1,0) -> 0
A1002: 1001 | B1002: BRA | C1002: DST | D1002: 1 | E1002: 2.3544406e+09 | F1002: 6486396.6 | G1002: 4.4883241e+09 | H1002: 4.4076616e+08 | I1002: 231859.12 | J1002: -856501.86 | K1002: 1901.0085 | L1002: 168599.23 | M1002: 190799.25 | O1002: =AVERAGE(E1002:E1501) -> 1.8578186e+09 | P1002: =_xlfn.PERCENTILE.INC(E1002:E1501,0.5) -> 1.7702482e+09 | Q1002: =_xlfn.PERCENTILE.INC(E1002:E1501,0.025) -> 1.0986613e+09 | R1002: =_xlfn.PERCENTILE.INC(E1002:E1501,0.975) -> 2.9298221e+09 | S1002: =_xlfn.PERCENTILE.INC(H1002:H1501,0.5) -> 1.8259602e+08 | T1002: =AVERAGE(F1002:F1501) -> 6377085.2 | U1002: =_xlfn.PERCENTILE.INC(F1002:F1501,0.5) -> 6411393.4 | V1002: =_xlfn.PERCENTILE.INC(F1002:F1501,0.025) -> 5599976.4 | W1002: =_xlfn.PERCENTILE.INC(F1002:F1501,0.975) -> 7111395.5 | Y1002: =IF(K1002<cet_BRA_lo,1,0) -> 1 | Z1002: =IF(K1002<cet_BRA_hi,1,0) -> 1 | AA1002: =AVERAGE(Y1002:Y1501) -> 1 | AB1002: =AVERAGE(Z1002:Z1501) -> 1 | AD1002: =IF(L1002<0,0,1) -> 1 | AE1002: =IF(M1002<0,0,1) -> 1 | AF1002: =AVERAGE(AD1002:AD1501) -> 1 | AG1002: =AVERAGE(AE1002:AE1501) -> 1 | AI1002: =IF(Y1002<>AD1002,"ERROR!","") | AJ1002: =IF(Z1002<>AE1002,"ERROR!","") | AL1002: =IF(H1002<0,1,0) -> 0 | AM1002: =AVERAGE(AL1002:AL1501) -> 0
A1003: 1002 | B1003: BRA | C1003: DST | D1003: 2 | E1003: 1.6550354e+09 | F1003: 6879078.5 | G1003: 4.4886872e+09 | H1003: 1.9998131e+08 | I1003: 107926.78 | J1003: -431227.36 | K1003: 1852.935 | L1003: 79224.949 | M1003: 89297.389 | Y1003: =IF(K1003<cet_BRA_lo,1,0) -> 1 | Z1003: =IF(K1003<cet_BRA_hi,1,0) -> 1 | AD1003: =IF(L1003<0,0,1) -> 1 | AE1003: =IF(M1003<0,0,1) -> 1 | AI1003: =IF(Y1003<>AD1003,"ERROR!","") | AJ1003: =IF(Z1003<>AE1003,"ERROR!","") | AL1003: =IF(H1003<0,1,0) -> 0
A1004: 1003 | B1004: BRA | C1004: DST | D1004: 3 | E1004: 1.7027529e+09 | F1004: 6187964.6 | G1004: 4.4869618e+09 | H1004: 98921991 | I1004: 24637.377 | J1004: -84987.937 | K1004: 4015.1187 | L1004: 10439.838 | M1004: 15422.233 | Y1004: =IF(K1004<cet_BRA_lo,1,0) -> 1 | Z1004: =IF(K1004<cet_BRA_hi,1,0) -> 1 | AD1004: =IF(L1004<0,0,1) -> 1 | AE1004: =IF(M1004<0,0,1) -> 1 | AI1004: =IF(Y1004<>AD1004,"ERROR!","") | AJ1004: =IF(Z1004<>AE1004,"ERROR!","") | AL1004: =IF(H1004<0,1,0) -> 0
A1005: 1004 | B1005: BRA | C1005: DST | D1005: 4 | E1005: 2.3413188e+09 | F1005: 6152552.6 | G1005: 4.4886881e+09 | H1005: 6.3451202e+08 | I1005: 262765.14 | J1005: -1094261.5 | K1005: 2414.7496 | L1005: 171698.35 | M1005: 203656.75 | Y1005: =IF(K1005<cet_BRA_lo,1,0) -> 1 | Z1005: =IF(K1005<cet_BRA_hi,1,0) -> 1 | AD1005: =IF(L1005<0,0,1) -> 1 | AE1005: =IF(M1005<0,0,1) -> 1 | AI1005: =IF(Y1005<>AD1005,"ERROR!","") | AJ1005: =IF(Z1005<>AE1005,"ERROR!","") | AL1005: =IF(H1005<0,1,0) -> 0
A1006: 1005 | B1006: BRA | C1006: DST | D1006: 5 | E1006: 1.4357161e+09 | F1006: 6014213.8 | G1006: 4.4868144e+09 | H1006: 67838077 | I1006: 18888.107 | J1006: -70627.858 | K1006: 3591.5763 | L1006: 9151.8119 | M1006: 12568.606 | Y1006: =IF(K1006<cet_BRA_lo,1,0) -> 1 | Z1006: =IF(K1006<cet_BRA_hi,1,0) -> 1 | AD1006: =IF(L1006<0,0,1) -> 1 | AE1006: =IF(M1006<0,0,1) -> 1 | AI1006: =IF(Y1006<>AD1006,"ERROR!","") | AJ1006: =IF(Z1006<>AE1006,"ERROR!","") | AL1006: =IF(H1006<0,1,0) -> 0
A1007: 1006 | B1007: BRA | C1007: DST | D1007: 6 | E1007: 1.304519e+09 | F1007: 6198141.8 | G1007: 4.4869896e+09 | H1007: 82315548 | I1007: 39678.797 | J1007: -139973.52 | K1007: 2074.5475 | L1007: 27864.658 | M1007: 32010.637 | Y1007: =IF(K1007<cet_BRA_lo,1,0) -> 1 | Z1007: =IF(K1007<cet_BRA_hi,1,0) -> 1 | AD1007: =IF(L1007<0,0,1) -> 1 | AE1007: =IF(M1007<0,0,1) -> 1 | AI1007: =IF(Y1007<>AD1007,"ERROR!","") | AJ1007: =IF(Z1007<>AE1007,"ERROR!","") | AL1007: =IF(H1007<0,1,0) -> 0
A1008: 1007 | B1008: BRA | C1008: DST | D1008: 7 | E1008: 1.5435826e+09 | F1008: 6248092.8 | G1008: 4.4879059e+09 | H1008: 1.2475907e+08 | I1008: 33136.357 | J1008: -116738.33 | K1008: 3765.0209 | L1008: 15230.614 | M1008: 21514.342 | Y1008: =IF(K1008<cet_BRA_lo,1,0) -> 1 | Z1008: =IF(K1008<cet_BRA_hi,1,0) -> 1 | AD1008: =IF(L1008<0,0,1) -> 1 | AE1008: =IF(M1008<0,0,1) -> 1 | AI1008: =IF(Y1008<>AD1008,"ERROR!","") | AJ1008: =IF(Z1008<>AE1008,"ERROR!","") | AL1008: =IF(H1008<0,1,0) -> 0
A1009: 1008 | B1009: BRA | C1009: DST | D1009: 8 | E1009: 2.0017805e+09 | F1009: 6573837.5 | G1009: 4.4904797e+09 | H1009: 3.5482493e+08 | I1009: 134947.33 | J1009: -554268.88 | K1009: 2629.3587 | L1009: 84021.942 | M1009: 101893.38 | Y1009: =IF(K1009<cet_BRA_lo,1,0) -> 1 | Z1009: =IF(K1009<cet_BRA_hi,1,0) -> 1 | AD1009: =IF(L1009<0,0,1) -> 1 | AE1009: =IF(M1009<0,0,1) -> 1 | AI1009: =IF(Y1009<>AD1009,"ERROR!","") | AJ1009: =IF(Z1009<>AE1009,"ERROR!","") | AL1009: =IF(H1009<0,1,0) -> 0
A1010: 1009 | B1010: BRA | C1010: DST | D1010: 9 | E1010: 2.7944128e+09 | F1010: 6093649.3 | G1010: 4.4884095e+09 | H1010: 1.9375543e+08 | I1010: 80403.051 | J1010: -315577.35 | K1010: 2409.802 | L1010: 52594.773 | M1010: 62353.635 | Y1010: =IF(K1010<cet_BRA_lo,1,0) -> 1 | Z1010: =IF(K1010<cet_BRA_hi,1,0) -> 1 | AD1010: =IF(L1010<0,0,1) -> 1 | AE1010: =IF(M1010<0,0,1) -> 1 | AI1010: =IF(Y1010<>AD1010,"ERROR!","") | AJ1010: =IF(Z1010<>AE1010,"ERROR!","") | AL1010: =IF(H1010<0,1,0) -> 0
A1011: 1010 | B1011: BRA | C1011: DST | D1011: 10 | E1011: 2.6850857e+09 | F1011: 6902749.7 | G1011: 4.4892503e+09 | H1011: 4.8443522e+08 | I1011: 224633.75 | J1011: -911928.74 | K1011: 2156.5558 | L1011: 155106.37 | M1011: 179505.87 | Y1011: =IF(K1011<cet_BRA_lo,1,0) -> 1 | Z1011: =IF(K1011<cet_BRA_hi,1,0) -> 1 | AD1011: =IF(L1011<0,0,1) -> 1 | AE1011: =IF(M1011<0,0,1) -> 1 | AI1011: =IF(Y1011<>AD1011,"ERROR!","") | AJ1011: =IF(Z1011<>AE1011,"ERROR!","") | AL1011: =IF(H1011<0,1,0) -> 0
A1012: 1011 | B1012: BRA | C1012: DST | D1012: 11 | E1012: 1.9449086e+09 | F1012: 6300588.1 | G1012: 4.4875317e+09 | H1012: 3.7386853e+08 | I1012: 194439.76 | J1012: -747286.06 | K1012: 1922.7988 | L1012: 140781.19 | M1012: 159611.79 | Y1012: =IF(K1012<cet_BRA_lo,1,0) -> 1 | Z1012: =IF(K1012<cet_BRA_hi,1,0) -> 1 | AD1012: =IF(L1012<0,0,1) -> 1 | AE1012: =IF(M1012<0,0,1) -> 1 | AI1012: =IF(Y1012<>AD1012,"ERROR!","") | AJ1012: =IF(Z1012<>AE1012,"ERROR!","") | AL1012: =IF(H1012<0,1,0) -> 0
A1013: 1012 | B1013: BRA | C1013: DST | D1013: 12 | E1013: 1.4531316e+09 | F1013: 6726875.2 | G1013: 4.4888441e+09 | H1013: 1.8812502e+08 | I1013: 66404.698 | J1013: -251347.03 | K1013: 2833.0076 | L1013: 39404.512 | M1013: 48879.787 | Y1013: =IF(K1013<cet_BRA_lo,1,0) -> 1 | Z1013: =IF(K1013<cet_BRA_hi,1,0) -> 1 | AD1013: =IF(L1013<0,0,1) -> 1 | AE1013: =IF(M1013<0,0,1) -> 1 | AI1013: =IF(Y1013<>AD1013,"ERROR!","") | AJ1013: =IF(Z1013<>AE1013,"ERROR!","") | AL1013: =IF(H1013<0,1,0) -> 0
A1014: 1013 | B1014: BRA | C1014: DST | D1014: 13 | E1014: 1.5907786e+09 | F1014: 6603887.3 | G1014: 4.4856081e+09 | H1014: 2.9637011e+08 | I1014: 142724.55 | J1014: -469839.68 | K1014: 2076.5182 | L1014: 100188.74 | M1014: 115115.99 | Y1014: =IF(K1014<cet_BRA_lo,1,0) -> 1 | Z1014: =IF(K1014<cet_BRA_hi,1,0) -> 1 | AD1014: =IF(L1014<0,0,1) -> 1 | AE1014: =IF(M1014<0,0,1) -> 1 | AI1014: =IF(Y1014<>AD1014,"ERROR!","") | AJ1014: =IF(Z1014<>AE1014,"ERROR!","") | AL1014: =IF(H1014<0,1,0) -> 0
... A1501: 1500 | B1501: BRA | C1501: DST | D1501: 500 | E1501: 2.4508327e+09 | F1501: 6499177.5 | G1501: 4.4890856e+09 | H1501: 5.2980977e+08 | I1501: 261242.59 | J1501: -1039437 | K1501: 2028.0375 | L1501: 185202.93 | M1501: 211887.81 | Y1501: =IF(K1501<cet_BRA_lo,1,0) -> 1 | Z1501: =IF(K1501<cet_BRA_hi,1,0) -> 1 | AD1501: =IF(L1501<0,0,1) -> 1 | AE1501: =IF(M1501<0,0,1) -> 1 | AI1501: =IF(Y1501<>AD1501,"ERROR!","") | AJ1501: =IF(Z1501<>AE1501,"ERROR!","") | AL1501: =IF(H1501<0,1,0) -> 0
A1502: 1501 | B1502: BRA | C1502: PRI | D1502: 1 | E1502: 2.1043904e+09 | F1502: 5362982.1 | G1502: 4.4828727e+09 | H1502: 1.9071589e+08 | I1502: 1355273.6 | J1502: -6307920.9 | K1502: 140.72132 | L1502: 1327901.6 | M1502: 1337507.3 | O1502: =AVERAGE(E1502:E2001) -> 1.8018965e+09 | P1502: =_xlfn.PERCENTILE.INC(E1502:E2001,0.5) -> 1.7529438e+09 | Q1502: =_xlfn.PERCENTILE.INC(E1502:E2001,0.025) -> 1.1514729e+09 | R1502: =_xlfn.PERCENTILE.INC(E1502:E2001,0.975) -> 2.6435714e+09 | S1502: =_xlfn.PERCENTILE.INC(H1502:H2001,0.5) -> 1.8426827e+08 | T1502: =AVERAGE(F1502:F2001) -> 5185462.6 | U1502: =_xlfn.PERCENTILE.INC(F1502:F2001,0.5) -> 5191452.7 | V1502: =_xlfn.PERCENTILE.INC(F1502:F2001,0.025) -> 4627462.9 | W1502: =_xlfn.PERCENTILE.INC(F1502:F2001,0.975) -> 5778311.2 | Y1502: =IF(K1502<cet_BRA_lo,1,0) -> 1 | Z1502: =IF(K1502<cet_BRA_hi,1,0) -> 1 | AA1502: =AVERAGE(Y1502:Y2001) -> 1 | AB1502: =AVERAGE(Z1502:Z2001) -> 1 | AD1502: =IF(L1502<0,0,1) -> 1 | AE1502: =IF(M1502<0,0,1) -> 1 | AF1502: =AVERAGE(AD1502:AD2001) -> 1 | AG1502: =AVERAGE(AE1502:AE2001) -> 1 | AI1502: =IF(Y1502<>AD1502,"ERROR!","") | AJ1502: =IF(Z1502<>AE1502,"ERROR!","") | AL1502: =IF(H1502<0,1,0) -> 0 | AM1502: =AVERAGE(AL1502:AL2001) -> 0
A1503: 1502 | B1503: BRA | C1503: PRI | D1503: 2 | E1503: 1.6150828e+09 | F1503: 5655231.6 | G1503: 4.4825564e+09 | H1503: 1.6002866e+08 | I1503: 1331773.6 | J1503: -6562023.1 | K1503: 120.16206 | L1503: 1308805.9 | M1503: 1316866.1 | Y1503: =IF(K1503<cet_BRA_lo,1,0) -> 1 | Z1503: =IF(K1503<cet_BRA_hi,1,0) -> 1 | AD1503: =IF(L1503<0,0,1) -> 1 | AE1503: =IF(M1503<0,0,1) -> 1 | AI1503: =IF(Y1503<>AD1503,"ERROR!","") | AJ1503: =IF(Z1503<>AE1503,"ERROR!","") | AL1503: =IF(H1503<0,1,0) -> 0
A1504: 1503 | B1504: BRA | C1504: PRI | D1504: 3 | E1504: 1.7128727e+09 | F1504: 4985498.2 | G1504: 4.481058e+09 | H1504: 1.0904177e+08 | I1504: 1227103.8 | J1504: -5988814.3 | K1504: 88.861078 | L1504: 1211453.9 | M1504: 1216946 | Y1504: =IF(K1504<cet_BRA_lo,1,0) -> 1 | Z1504: =IF(K1504<cet_BRA_hi,1,0) -> 1 | AD1504: =IF(L1504<0,0,1) -> 1 | AE1504: =IF(M1504<0,0,1) -> 1 | AI1504: =IF(Y1504<>AD1504,"ERROR!","") | AJ1504: =IF(Z1504<>AE1504,"ERROR!","") | AL1504: =IF(H1504<0,1,0) -> 0
A1505: 1504 | B1505: BRA | C1505: PRI | D1505: 4 | E1505: 1.9303812e+09 | F1505: 5128096.2 | G1505: 4.4832641e+09 | H1505: 2.2357439e+08 | I1505: 1287221.6 | J1505: -6518292.4 | K1505: 173.68757 | L1505: 1255133.6 | M1505: 1266394.4 | Y1505: =IF(K1505<cet_BRA_lo,1,0) -> 1 | Z1505: =IF(K1505<cet_BRA_hi,1,0) -> 1 | AD1505: =IF(L1505<0,0,1) -> 1 | AE1505: =IF(M1505<0,0,1) -> 1 | AI1505: =IF(Y1505<>AD1505,"ERROR!","") | AJ1505: =IF(Z1505<>AE1505,"ERROR!","") | AL1505: =IF(H1505<0,1,0) -> 0
A1506: 1505 | B1506: BRA | C1506: PRI | D1506: 5 | E1506: 1.6238726e+09 | F1506: 4789974.7 | G1506: 4.4804636e+09 | H1506: 2.5599458e+08 | I1506: 1243127.2 | J1506: -6421478.3 | K1506: 205.92791 | L1506: 1206386.2 | M1506: 1219279.8 | Y1506: =IF(K1506<cet_BRA_lo,1,0) -> 1 | Z1506: =IF(K1506<cet_BRA_hi,1,0) -> 1 | AD1506: =IF(L1506<0,0,1) -> 1 | AE1506: =IF(M1506<0,0,1) -> 1 | AI1506: =IF(Y1506<>AD1506,"ERROR!","") | AJ1506: =IF(Z1506<>AE1506,"ERROR!","") | AL1506: =IF(H1506<0,1,0) -> 0
A1507: 1506 | B1507: BRA | C1507: PRI | D1507: 6 | E1507: 1.4101273e+09 | F1507: 4982248.1 | G1507: 4.4811135e+09 | H1507: 1.8792381e+08 | I1507: 1255572.5 | J1507: -6016076 | K1507: 149.67181 | L1507: 1228601.2 | M1507: 1238066.4 | Y1507: =IF(K1507<cet_BRA_lo,1,0) -> 1 | Z1507: =IF(K1507<cet_BRA_hi,1,0) -> 1 | AD1507: =IF(L1507<0,0,1) -> 1 | AE1507: =IF(M1507<0,0,1) -> 1 | AI1507: =IF(Y1507<>AD1507,"ERROR!","") | AJ1507: =IF(Z1507<>AE1507,"ERROR!","") | AL1507: =IF(H1507<0,1,0) -> 0
A1508: 1507 | B1508: BRA | C1508: PRI | D1508: 7 | E1508: 1.597457e+09 | F1508: 5009243.5 | G1508: 4.4817273e+09 | H1508: 1.7863345e+08 | I1508: 1271985.7 | J1508: -6295344 | K1508: 140.43668 | L1508: 1246347.8 | M1508: 1255345 | Y1508: =IF(K1508<cet_BRA_lo,1,0) -> 1 | Z1508: =IF(K1508<cet_BRA_hi,1,0) -> 1 | AD1508: =IF(L1508<0,0,1) -> 1 | AE1508: =IF(M1508<0,0,1) -> 1 | AI1508: =IF(Y1508<>AD1508,"ERROR!","") | AJ1508: =IF(Z1508<>AE1508,"ERROR!","") | AL1508: =IF(H1508<0,1,0) -> 0
A1509: 1508 | B1509: BRA | C1509: PRI | D1509: 8 | E1509: 1.7897842e+09 | F1509: 5329738.6 | G1509: 4.4838564e+09 | H1509: 1.4282857e+08 | I1509: 1379046.3 | J1509: -7177590 | K1509: 103.57054 | L1509: 1358547.2 | M1509: 1365741 | Y1509: =IF(K1509<cet_BRA_lo,1,0) -> 1 | Z1509: =IF(K1509<cet_BRA_hi,1,0) -> 1 | AD1509: =IF(L1509<0,0,1) -> 1 | AE1509: =IF(M1509<0,0,1) -> 1 | AI1509: =IF(Y1509<>AD1509,"ERROR!","") | AJ1509: =IF(Z1509<>AE1509,"ERROR!","") | AL1509: =IF(H1509<0,1,0) -> 0
A1510: 1509 | B1510: BRA | C1510: PRI | D1510: 9 | E1510: 2.7371951e+09 | F1510: 4910317.4 | G1510: 4.4821814e+09 | H1510: 1.3653777e+08 | I1510: 1263734.9 | J1510: -6543670.9 | K1510: 108.04305 | L1510: 1244138.7 | M1510: 1251015.7 | Y1510: =IF(K1510<cet_BRA_lo,1,0) -> 1 | Z1510: =IF(K1510<cet_BRA_hi,1,0) -> 1 | AD1510: =IF(L1510<0,0,1) -> 1 | AE1510: =IF(M1510<0,0,1) -> 1 | AI1510: =IF(Y1510<>AD1510,"ERROR!","") | AJ1510: =IF(Z1510<>AE1510,"ERROR!","") | AL1510: =IF(H1510<0,1,0) -> 0
A1511: 1510 | B1511: BRA | C1511: PRI | D1511: 10 | E1511: 2.4159337e+09 | F1511: 5774611.5 | G1511: 4.4835609e+09 | H1511: 2.1528319e+08 | I1511: 1352771.9 | J1511: -6601315.3 | K1511: 159.14226 | L1511: 1321873.9 | M1511: 1332717.1 | Y1511: =IF(K1511<cet_BRA_lo,1,0) -> 1 | Z1511: =IF(K1511<cet_BRA_hi,1,0) -> 1 | AD1511: =IF(L1511<0,0,1) -> 1 | AE1511: =IF(M1511<0,0,1) -> 1 | AI1511: =IF(Y1511<>AD1511,"ERROR!","") | AJ1511: =IF(Z1511<>AE1511,"ERROR!","") | AL1511: =IF(H1511<0,1,0) -> 0
A1512: 1511 | B1512: BRA | C1512: PRI | D1512: 11 | E1512: 1.7635092e+09 | F1512: 5221610 | G1512: 4.4823294e+09 | H1512: 1.9246913e+08 | I1512: 1273417.9 | J1512: -5949645.3 | K1512: 151.14372 | L1512: 1245794.3 | M1512: 1255488.3 | Y1512: =IF(K1512<cet_BRA_lo,1,0) -> 1 | Z1512: =IF(K1512<cet_BRA_hi,1,0) -> 1 | AD1512: =IF(L1512<0,0,1) -> 1 | AE1512: =IF(M1512<0,0,1) -> 1 | AI1512: =IF(Y1512<>AD1512,"ERROR!","") | AJ1512: =IF(Z1512<>AE1512,"ERROR!","") | AL1512: =IF(H1512<0,1,0) -> 0
A1513: 1512 | B1513: BRA | C1513: PRI | D1513: 12 | E1513: 1.4349473e+09 | F1513: 5421646 | G1513: 4.4824154e+09 | H1513: 1.6994076e+08 | I1513: 1371633.9 | J1513: -6680040.3 | K1513: 123.89659 | L1513: 1347243.5 | M1513: 1355802.9 | Y1513: =IF(K1513<cet_BRA_lo,1,0) -> 1 | Z1513: =IF(K1513<cet_BRA_hi,1,0) -> 1 | AD1513: =IF(L1513<0,0,1) -> 1 | AE1513: =IF(M1513<0,0,1) -> 1 | AI1513: =IF(Y1513<>AD1513,"ERROR!","") | AJ1513: =IF(Z1513<>AE1513,"ERROR!","") | AL1513: =IF(H1513<0,1,0) -> 0
A1514: 1513 | B1514: BRA | C1514: PRI | D1514: 13 | E1514: 1.4857257e+09 | F1514: 5234007.7 | G1514: 4.4797859e+09 | H1514: 1.9131722e+08 | I1514: 1512604 | J1514: -6292040.5 | K1514: 126.48202 | L1514: 1485145.7 | M1514: 1494781.8 | Y1514: =IF(K1514<cet_BRA_lo,1,0) -> 1 | Z1514: =IF(K1514<cet_BRA_hi,1,0) -> 1 | AD1514: =IF(L1514<0,0,1) -> 1 | AE1514: =IF(M1514<0,0,1) -> 1 | AI1514: =IF(Y1514<>AD1514,"ERROR!","") | AJ1514: =IF(Z1514<>AE1514,"ERROR!","") | AL1514: =IF(H1514<0,1,0) -> 0
... A2001: 2000 | B2001: BRA | C2001: PRI | D2001: 500 | E2001: 2.1691432e+09 | F2001: 5292979.5 | G2001: 4.482978e+09 | H2001: 2.4812021e+08 | I2001: 1467440.6 | J2001: -7147081 | K2001: 169.08365 | L2001: 1431829.7 | M2001: 1444326.8 | Y2001: =IF(K2001<cet_BRA_lo,1,0) -> 1 | Z2001: =IF(K2001<cet_BRA_hi,1,0) -> 1 | AD2001: =IF(L2001<0,0,1) -> 1 | AE2001: =IF(M2001<0,0,1) -> 1 | AI2001: =IF(Y2001<>AD2001,"ERROR!","") | AJ2001: =IF(Z2001<>AE2001,"ERROR!","") | AL2001: =IF(H2001<0,1,0) -> 0
A2002: 2001 | B2002: BRA | C2002: SCRhi | D2002: 1 | E2002: 1.8366693e+10 | F2002: 4071232.4 | G2002: 4.4747243e+09 | H2002: 1.6453018e+10 | I2002: 2647023.3 | J2002: -14456281 | K2002: 6215.668 | L2002: 285643.86 | M2002: 1114331.4 | O2002: =AVERAGE(E2002:E2501) -> 3.853532e+10 | P2002: =_xlfn.PERCENTILE.INC(E2002:E2501,0.5) -> 3.7573876e+10 | Q2002: =_xlfn.PERCENTILE.INC(E2002:E2501,0.025) -> 2.2623541e+10 | R2002: =_xlfn.PERCENTILE.INC(E2002:E2501,0.975) -> 6.035868e+10 | S2002: =_xlfn.PERCENTILE.INC(H2002:H2501,0.5) -> 3.5830813e+10 | T2002: =AVERAGE(F2002:F2501) -> 3903161.6 | U2002: =_xlfn.PERCENTILE.INC(F2002:F2501,0.5) -> 3929987.5 | V2002: =_xlfn.PERCENTILE.INC(F2002:F2501,0.025) -> 3337533.6 | W2002: =_xlfn.PERCENTILE.INC(F2002:F2501,0.975) -> 4383219.7 | Y2002: =IF(K2002<cet_BRA_lo,1,0) -> 1 | Z2002: =IF(K2002<cet_BRA_hi,1,0) -> 1 | AA2002: =AVERAGE(Y2002:Y2501) -> 0.008 | AB2002: =AVERAGE(Z2002:Z2501) -> 0.182 | AD2002: =IF(L2002<0,0,1) -> 1 | AE2002: =IF(M2002<0,0,1) -> 1 | AF2002: =AVERAGE(AD2002:AD2501) -> 0.008 | AG2002: =AVERAGE(AE2002:AE2501) -> 0.182 | AI2002: =IF(Y2002<>AD2002,"ERROR!","") | AJ2002: =IF(Z2002<>AE2002,"ERROR!","") | AL2002: =IF(H2002<0,1,0) -> 0 | AM2002: =AVERAGE(AL2002:AL2501) -> 0
A2003: 2002 | B2003: BRA | C2003: SCRhi | D2003: 2 | E2003: 4.5337804e+10 | F2003: 4308904.4 | G2003: 4.4740356e+09 | H2003: 4.3882749e+10 | I2003: 2678100.8 | J2003: -15082805 | K2003: 16385.772 | L2003: -3620064.2 | M2003: -1409826 | Y2003: =IF(K2003<cet_BRA_lo,1,0) -> 0 | Z2003: =IF(K2003<cet_BRA_hi,1,0) -> 0 | AD2003: =IF(L2003<0,0,1) -> 0 | AE2003: =IF(M2003<0,0,1) -> 0 | AI2003: =IF(Y2003<>AD2003,"ERROR!","") | AJ2003: =IF(Z2003<>AE2003,"ERROR!","") | AL2003: =IF(H2003<0,1,0) -> 0
A2004: 2003 | B2004: BRA | C2004: SCRhi | D2004: 3 | E2004: 3.2322693e+10 | F2004: 3673908.7 | G2004: 4.4725741e+09 | H2004: 3.0718862e+10 | I2004: 2538693.3 | J2004: -14472733 | K2004: 12100.265 | L2004: -1870156.8 | M2004: -322942.86 | Y2004: =IF(K2004<cet_BRA_lo,1,0) -> 0 | Z2004: =IF(K2004<cet_BRA_hi,1,0) -> 0 | AD2004: =IF(L2004<0,0,1) -> 0 | AE2004: =IF(M2004<0,0,1) -> 0 | AI2004: =IF(Y2004<>AD2004,"ERROR!","") | AJ2004: =IF(Z2004<>AE2004,"ERROR!","") | AL2004: =IF(H2004<0,1,0) -> 0
A2005: 2004 | B2005: BRA | C2005: SCRhi | D2005: 4 | E2005: 4.6312467e+10 | F2005: 3914704.9 | G2005: 4.4749872e+09 | H2005: 4.4605661e+10 | I2005: 2500612.9 | J2005: -14795126 | K2005: 17837.891 | L2005: -3901306.2 | M2005: -1654657.2 | Y2005: =IF(K2005<cet_BRA_lo,1,0) -> 0 | Z2005: =IF(K2005<cet_BRA_hi,1,0) -> 0 | AD2005: =IF(L2005<0,0,1) -> 0 | AE2005: =IF(M2005<0,0,1) -> 0 | AI2005: =IF(Y2005<>AD2005,"ERROR!","") | AJ2005: =IF(Z2005<>AE2005,"ERROR!","") | AL2005: =IF(H2005<0,1,0) -> 0
A2006: 2005 | B2006: BRA | C2006: SCRhi | D2006: 5 | E2006: 4.6211009e+10 | F2006: 3526413.8 | G2006: 4.4721445e+09 | H2006: 4.4843131e+10 | I2006: 2506688 | J2006: -14740510 | K2006: 17889.394 | L2006: -3929313.4 | M2006: -1670703.7 | Y2006: =IF(K2006<cet_BRA_lo,1,0) -> 0 | Z2006: =IF(K2006<cet_BRA_hi,1,0) -> 0 | AD2006: =IF(L2006<0,0,1) -> 0 | AE2006: =IF(M2006<0,0,1) -> 0 | AI2006: =IF(Y2006<>AD2006,"ERROR!","") | AJ2006: =IF(Z2006<>AE2006,"ERROR!","") | AL2006: =IF(H2006<0,1,0) -> 0
A2007: 2006 | B2007: BRA | C2007: SCRhi | D2007: 6 | E2007: 3.1810833e+10 | F2007: 3723504.2 | G2007: 4.4728158e+09 | H2007: 3.058863e+10 | I2007: 2514316.4 | J2007: -14313694 | K2007: 12165.784 | L2007: -1875842.4 | M2007: -335187.8 | Y2007: =IF(K2007<cet_BRA_lo,1,0) -> 0 | Z2007: =IF(K2007<cet_BRA_hi,1,0) -> 0 | AD2007: =IF(L2007<0,0,1) -> 0 | AE2007: =IF(M2007<0,0,1) -> 0 | AI2007: =IF(Y2007<>AD2007,"ERROR!","") | AJ2007: =IF(Z2007<>AE2007,"ERROR!","") | AL2007: =IF(H2007<0,1,0) -> 0
A2008: 2007 | B2008: BRA | C2008: SCRhi | D2008: 7 | E2008: 3.1021556e+10 | F2008: 3768696.9 | G2008: 4.4734452e+09 | H2008: 2.9602733e+10 | I2008: 2512532.3 | J2008: -14577395 | K2008: 11782.031 | L2008: -1736128 | M2008: -245130.05 | Y2008: =IF(K2008<cet_BRA_lo,1,0) -> 0 | Z2008: =IF(K2008<cet_BRA_hi,1,0) -> 0 | AD2008: =IF(L2008<0,0,1) -> 0 | AE2008: =IF(M2008<0,0,1) -> 0 | AI2008: =IF(Y2008<>AD2008,"ERROR!","") | AJ2008: =IF(Z2008<>AE2008,"ERROR!","") | AL2008: =IF(H2008<0,1,0) -> 0
A2009: 2008 | B2009: BRA | C2009: SCRhi | D2009: 8 | E2009: 4.616349e+10 | F2009: 4126537.2 | G2009: 4.4751748e+09 | H2009: 4.4516535e+10 | I2009: 2582247.7 | J2009: -15859217 | K2009: 17239.452 | L2009: -3806879.8 | M2009: -1564719.8 | Y2009: =IF(K2009<cet_BRA_lo,1,0) -> 0 | Z2009: =IF(K2009<cet_BRA_hi,1,0) -> 0 | AD2009: =IF(L2009<0,0,1) -> 0 | AE2009: =IF(M2009<0,0,1) -> 0 | AI2009: =IF(Y2009<>AD2009,"ERROR!","") | AJ2009: =IF(Z2009<>AE2009,"ERROR!","") | AL2009: =IF(H2009<0,1,0) -> 0
A2010: 2009 | B2010: BRA | C2010: SCRhi | D2010: 9 | E2010: 2.3914278e+10 | F2010: 3705603.3 | G2010: 4.4737473e+09 | H2010: 2.131362e+10 | I2010: 2468449 | J2010: -14977793 | K2010: 8634.418 | L2010: -590536.61 | M2010: 482964.46 | Y2010: =IF(K2010<cet_BRA_lo,1,0) -> 0 | Z2010: =IF(K2010<cet_BRA_hi,1,0) -> 1 | AD2010: =IF(L2010<0,0,1) -> 0 | AE2010: =IF(M2010<0,0,1) -> 1 | AI2010: =IF(Y2010<>AD2010,"ERROR!","") | AJ2010: =IF(Z2010<>AE2010,"ERROR!","") | AL2010: =IF(H2010<0,1,0) -> 0
A2011: 2010 | B2011: BRA | C2011: SCRhi | D2011: 10 | E2011: 3.1986734e+10 | F2011: 4364632.8 | G2011: 4.4750188e+09 | H2011: 2.9786084e+10 | I2011: 2762750.6 | J2011: -15143425 | K2011: 10781.315 | L2011: -1512224.8 | M2011: -11991.94 | Y2011: =IF(K2011<cet_BRA_lo,1,0) -> 0 | Z2011: =IF(K2011<cet_BRA_hi,1,0) -> 0 | AD2011: =IF(L2011<0,0,1) -> 0 | AE2011: =IF(M2011<0,0,1) -> 0 | AI2011: =IF(Y2011<>AD2011,"ERROR!","") | AJ2011: =IF(Z2011<>AE2011,"ERROR!","") | AL2011: =IF(H2011<0,1,0) -> 0
A2012: 2011 | B2012: BRA | C2012: SCRhi | D2012: 11 | E2012: 4.4706155e+10 | F2012: 3856109.6 | G2012: 4.4736628e+09 | H2012: 4.3135115e+10 | I2012: 2638918.3 | J2012: -14616220 | K2012: 16345.756 | L2012: -3551944.3 | M2012: -1379362.2 | Y2012: =IF(K2012<cet_BRA_lo,1,0) -> 0 | Z2012: =IF(K2012<cet_BRA_hi,1,0) -> 0 | AD2012: =IF(L2012<0,0,1) -> 0 | AE2012: =IF(M2012<0,0,1) -> 0 | AI2012: =IF(Y2012<>AD2012,"ERROR!","") | AJ2012: =IF(Z2012<>AE2012,"ERROR!","") | AL2012: =IF(H2012<0,1,0) -> 0
A2013: 2012 | B2013: BRA | C2013: SCRhi | D2013: 12 | E2013: 2.6616914e+10 | F2013: 4142793.5 | G2013: 4.4741999e+09 | H2013: 2.5351908e+10 | I2013: 2650486.4 | J2013: -14895543 | K2013: 9565.0021 | L2013: -988084.6 | M2013: 288812.48 | Y2013: =IF(K2013<cet_BRA_lo,1,0) -> 0 | Z2013: =IF(K2013<cet_BRA_hi,1,0) -> 1 | AD2013: =IF(L2013<0,0,1) -> 0 | AE2013: =IF(M2013<0,0,1) -> 1 | AI2013: =IF(Y2013<>AD2013,"ERROR!","") | AJ2013: =IF(Z2013<>AE2013,"ERROR!","") | AL2013: =IF(H2013<0,1,0) -> 0
A2014: 2013 | B2014: BRA | C2014: SCRhi | D2014: 13 | E2014: 3.3694302e+10 | F2014: 4032699.6 | G2014: 4.4725724e+09 | H2014: 3.2399894e+10 | I2014: 2713912.2 | J2014: -13505507 | K2014: 11938.446 | L2014: -1936203.9 | M2014: -304321.55 | Y2014: =IF(K2014<cet_BRA_lo,1,0) -> 0 | Z2014: =IF(K2014<cet_BRA_hi,1,0) -> 0 | AD2014: =IF(L2014<0,0,1) -> 0 | AE2014: =IF(M2014<0,0,1) -> 0 | AI2014: =IF(Y2014<>AD2014,"ERROR!","") | AJ2014: =IF(Z2014<>AE2014,"ERROR!","") | AL2014: =IF(H2014<0,1,0) -> 0
... A2501: 2500 | B2501: BRA | C2501: SCRhi | D2501: 500 | E2501: 3.7002971e+10 | F2501: 4041117.1 | G2501: 4.4748908e+09 | H2501: 3.5081948e+10 | I2501: 2719303 | J2501: -15234223 | K2501: 12901.081 | L2501: -2315748.3 | M2501: -548779.25 | Y2501: =IF(K2501<cet_BRA_lo,1,0) -> 0 | Z2501: =IF(K2501<cet_BRA_hi,1,0) -> 0 | AD2501: =IF(L2501<0,0,1) -> 0 | AE2501: =IF(M2501<0,0,1) -> 0 | AI2501: =IF(Y2501<>AD2501,"ERROR!","") | AJ2501: =IF(Z2501<>AE2501,"ERROR!","") | AL2501: =IF(H2501<0,1,0) -> 0
A2502: 2501 | B2502: BRA | C2502: SCRlo | D2502: 1 | E2502: 8.1911792e+09 | F2502: 4071232.4 | G2502: 4.4747243e+09 | H2502: 6.2775047e+09 | I2502: 2647023.3 | J2502: -14456281 | K2502: 2371.5336 | L2502: 1746059.7 | M2502: 2062238.2 | O2502: =AVERAGE(E2502:E3001) -> 8.1011788e+09 | P2502: =_xlfn.PERCENTILE.INC(E2502:E3001,0.5) -> 7.9772279e+09 | Q2502: =_xlfn.PERCENTILE.INC(E2502:E3001,0.025) -> 5.7470611e+09 | R2502: =_xlfn.PERCENTILE.INC(E2502:E3001,0.975) -> 1.0810482e+10 | S2502: =_xlfn.PERCENTILE.INC(H2502:H3001,0.5) -> 6.3998838e+09 | T2502: =AVERAGE(F2502:F3001) -> 3903161.6 | U2502: =_xlfn.PERCENTILE.INC(F2502:F3001,0.5) -> 3929987.5 | V2502: =_xlfn.PERCENTILE.INC(F2502:F3001,0.025) -> 3337533.6 | W2502: =_xlfn.PERCENTILE.INC(F2502:F3001,0.975) -> 4383219.7 | Y2502: =IF(K2502<cet_BRA_lo,1,0) -> 1 | Z2502: =IF(K2502<cet_BRA_hi,1,0) -> 1 | AA2502: =AVERAGE(Y2502:Y3001) -> 1 | AB2502: =AVERAGE(Z2502:Z3001) -> 1 | AD2502: =IF(L2502<0,0,1) -> 1 | AE2502: =IF(M2502<0,0,1) -> 1 | AF2502: =AVERAGE(AD2502:AD3001) -> 1 | AG2502: =AVERAGE(AE2502:AE3001) -> 1 | AI2502: =IF(Y2502<>AD2502,"ERROR!","") | AJ2502: =IF(Z2502<>AE2502,"ERROR!","") | AL2502: =IF(H2502<0,1,0) -> 0 | AM2502: =AVERAGE(AL2502:AL3001) -> 0
A2503: 2502 | B2503: BRA | C2503: SCRlo | D2503: 2 | E2503: 6.2072382e+09 | F2503: 4308904.4 | G2503: 4.4740356e+09 | H2503: 4.7521841e+09 | I2503: 2678100.8 | J2503: -15082805 | K2503: 1774.4605 | L2503: 1996055.1 | M2503: 2235407.9 | Y2503: =IF(K2503<cet_BRA_lo,1,0) -> 1 | Z2503: =IF(K2503<cet_BRA_hi,1,0) -> 1 | AD2503: =IF(L2503<0,0,1) -> 1 | AE2503: =IF(M2503<0,0,1) -> 1 | AI2503: =IF(Y2503<>AD2503,"ERROR!","") | AJ2503: =IF(Z2503<>AE2503,"ERROR!","") | AL2503: =IF(H2503<0,1,0) -> 0
A2504: 2503 | B2504: BRA | C2504: SCRlo | D2504: 3 | E2504: 6.2849575e+09 | F2504: 3673908.7 | G2504: 4.4725741e+09 | H2504: 4.6811265e+09 | I2504: 2538693.3 | J2504: -14472733 | K2504: 1843.9118 | L2504: 1866845.9 | M2504: 2102619.8 | Y2504: =IF(K2504<cet_BRA_lo,1,0) -> 1 | Z2504: =IF(K2504<cet_BRA_hi,1,0) -> 1 | AD2504: =IF(L2504<0,0,1) -> 1 | AE2504: =IF(M2504<0,0,1) -> 1 | AI2504: =IF(Y2504<>AD2504,"ERROR!","") | AJ2504: =IF(Z2504<>AE2504,"ERROR!","") | AL2504: =IF(H2504<0,1,0) -> 0
A2505: 2504 | B2505: BRA | C2505: SCRlo | D2505: 4 | E2505: 9.18573e+09 | F2505: 3914704.9 | G2505: 4.4749872e+09 | H2505: 7.4789232e+09 | I2505: 2500612.9 | J2505: -14795126 | K2505: 2990.8361 | L2505: 1427218.6 | M2505: 1803908.8 | Y2505: =IF(K2505<cet_BRA_lo,1,0) -> 1 | Z2505: =IF(K2505<cet_BRA_hi,1,0) -> 1 | AD2505: =IF(L2505<0,0,1) -> 1 | AE2505: =IF(M2505<0,0,1) -> 1 | AI2505: =IF(Y2505<>AD2505,"ERROR!","") | AJ2505: =IF(Z2505<>AE2505,"ERROR!","") | AL2505: =IF(H2505<0,1,0) -> 0
A2506: 2505 | B2506: BRA | C2506: SCRlo | D2506: 5 | E2506: 9.2854191e+09 | F2506: 3526413.8 | G2506: 4.4721445e+09 | H2506: 7.9175411e+09 | I2506: 2506688 | J2506: -14740510 | K2506: 3158.5666 | L2506: 1370342.2 | M2506: 1769124.2 | Y2506: =IF(K2506<cet_BRA_lo,1,0) -> 1 | Z2506: =IF(K2506<cet_BRA_hi,1,0) -> 1 | AD2506: =IF(L2506<0,0,1) -> 1 | AE2506: =IF(M2506<0,0,1) -> 1 | AI2506: =IF(Y2506<>AD2506,"ERROR!","") | AJ2506: =IF(Z2506<>AE2506,"ERROR!","") | AL2506: =IF(H2506<0,1,0) -> 0
A2507: 2506 | B2507: BRA | C2507: SCRlo | D2507: 6 | E2507: 8.0836434e+09 | F2507: 3723504.2 | G2507: 4.4728158e+09 | H2507: 6.8614399e+09 | I2507: 2514316.4 | J2507: -14313694 | K2507: 2728.9484 | L2507: 1529544.9 | M2507: 1875134.4 | Y2507: =IF(K2507<cet_BRA_lo,1,0) -> 1 | Z2507: =IF(K2507<cet_BRA_hi,1,0) -> 1 | AD2507: =IF(L2507<0,0,1) -> 1 | AE2507: =IF(M2507<0,0,1) -> 1 | AI2507: =IF(Y2507<>AD2507,"ERROR!","") | AJ2507: =IF(Z2507<>AE2507,"ERROR!","") | AL2507: =IF(H2507<0,1,0) -> 0
A2508: 2507 | B2508: BRA | C2508: SCRlo | D2508: 7 | E2508: 9.4501755e+09 | F2508: 3768696.9 | G2508: 4.4734452e+09 | H2508: 8.0313519e+09 | I2508: 2512532.3 | J2508: -14577395 | K2508: 3196.5169 | L2508: 1359852 | M2508: 1764366.3 | Y2508: =IF(K2508<cet_BRA_lo,1,0) -> 1 | Z2508: =IF(K2508<cet_BRA_hi,1,0) -> 1 | AD2508: =IF(L2508<0,0,1) -> 1 | AE2508: =IF(M2508<0,0,1) -> 1 | AI2508: =IF(Y2508<>AD2508,"ERROR!","") | AJ2508: =IF(Z2508<>AE2508,"ERROR!","") | AL2508: =IF(H2508<0,1,0) -> 0
A2509: 2508 | B2509: BRA | C2509: SCRlo | D2509: 8 | E2509: 8.5023071e+09 | F2509: 4126537.2 | G2509: 4.4751748e+09 | H2509: 6.8553515e+09 | I2509: 2582247.7 | J2509: -15859217 | K2509: 2654.8001 | L2509: 1598350 | M2509: 1943632.8 | Y2509: =IF(K2509<cet_BRA_lo,1,0) -> 1 | Z2509: =IF(K2509<cet_BRA_hi,1,0) -> 1 | AD2509: =IF(L2509<0,0,1) -> 1 | AE2509: =IF(M2509<0,0,1) -> 1 | AI2509: =IF(Y2509<>AD2509,"ERROR!","") | AJ2509: =IF(Z2509<>AE2509,"ERROR!","") | AL2509: =IF(H2509<0,1,0) -> 0
A2510: 2509 | B2510: BRA | C2510: SCRlo | D2510: 9 | E2510: 7.7695904e+09 | F2510: 3705603.3 | G2510: 4.4737473e+09 | H2510: 5.168933e+09 | I2510: 2468449 | J2510: -14977793 | K2510: 2094.0003 | L2510: 1726590.4 | M2510: 1986933.6 | Y2510: =IF(K2510<cet_BRA_lo,1,0) -> 1 | Z2510: =IF(K2510<cet_BRA_hi,1,0) -> 1 | AD2510: =IF(L2510<0,0,1) -> 1 | AE2510: =IF(M2510<0,0,1) -> 1 | AI2510: =IF(Y2510<>AD2510,"ERROR!","") | AJ2510: =IF(Z2510<>AE2510,"ERROR!","") | AL2510: =IF(H2510<0,1,0) -> 0
A2511: 2510 | B2511: BRA | C2511: SCRlo | D2511: 10 | E2511: 9.7076263e+09 | F2511: 4364632.8 | G2511: 4.4750188e+09 | H2511: 7.5069759e+09 | I2511: 2762750.6 | J2511: -15143425 | K2511: 2717.2109 | L2511: 1685330.1 | M2511: 2063433.2 | Y2511: =IF(K2511<cet_BRA_lo,1,0) -> 1 | Z2511: =IF(K2511<cet_BRA_hi,1,0) -> 1 | AD2511: =IF(L2511<0,0,1) -> 1 | AE2511: =IF(M2511<0,0,1) -> 1 | AI2511: =IF(Y2511<>AD2511,"ERROR!","") | AJ2511: =IF(Z2511<>AE2511,"ERROR!","") | AL2511: =IF(H2511<0,1,0) -> 0
A2512: 2511 | B2512: BRA | C2512: SCRlo | D2512: 11 | E2512: 7.1357827e+09 | F2512: 3856109.6 | G2512: 4.4736628e+09 | H2512: 5.5647426e+09 | I2512: 2638918.3 | J2512: -14616220 | K2512: 2108.7211 | L2512: 1840252.1 | M2512: 2120530.9 | Y2512: =IF(K2512<cet_BRA_lo,1,0) -> 1 | Z2512: =IF(K2512<cet_BRA_hi,1,0) -> 1 | AD2512: =IF(L2512<0,0,1) -> 1 | AE2512: =IF(M2512<0,0,1) -> 1 | AI2512: =IF(Y2512<>AD2512,"ERROR!","") | AJ2512: =IF(Z2512<>AE2512,"ERROR!","") | AL2512: =IF(H2512<0,1,0) -> 0
A2513: 2512 | B2513: BRA | C2513: SCRlo | D2513: 12 | E2513: 9.0080704e+09 | F2513: 4142793.5 | G2513: 4.4741999e+09 | H2513: 7.7430639e+09 | I2513: 2650486.4 | J2513: -14895543 | K2513: 2921.3747 | L2513: 1539181.9 | M2513: 1929176.1 | Y2513: =IF(K2513<cet_BRA_lo,1,0) -> 1 | Z2513: =IF(K2513<cet_BRA_hi,1,0) -> 1 | AD2513: =IF(L2513<0,0,1) -> 1 | AE2513: =IF(M2513<0,0,1) -> 1 | AI2513: =IF(Y2513<>AD2513,"ERROR!","") | AJ2513: =IF(Z2513<>AE2513,"ERROR!","") | AL2513: =IF(H2513<0,1,0) -> 0
A2514: 2513 | B2514: BRA | C2514: SCRlo | D2514: 13 | E2514: 9.2733028e+09 | F2514: 4032699.6 | G2514: 4.4725724e+09 | H2514: 7.9788943e+09 | I2514: 2713912.2 | J2514: -13505507 | K2514: 2939.9972 | L2514: 1568760.7 | M2514: 1970632.9 | Y2514: =IF(K2514<cet_BRA_lo,1,0) -> 1 | Z2514: =IF(K2514<cet_BRA_hi,1,0) -> 1 | AD2514: =IF(L2514<0,0,1) -> 1 | AE2514: =IF(M2514<0,0,1) -> 1 | AI2514: =IF(Y2514<>AD2514,"ERROR!","") | AJ2514: =IF(Z2514<>AE2514,"ERROR!","") | AL2514: =IF(H2514<0,1,0) -> 0
... A3001: 3000 | B3001: BRA | C3001: SCRlo | D3001: 500 | E3001: 9.136397e+09 | F3001: 4041117.1 | G3001: 4.4748908e+09 | H3001: 7.215374e+09 | I3001: 2719303 | J3001: -15234223 | K3001: 2653.391 | L3001: 1683734 | M3001: 2047150 | Y3001: =IF(K3001<cet_BRA_lo,1,0) -> 1 | Z3001: =IF(K3001<cet_BRA_hi,1,0) -> 1 | AD3001: =IF(L3001<0,0,1) -> 1 | AE3001: =IF(M3001<0,0,1) -> 1 | AI3001: =IF(Y3001<>AD3001,"ERROR!","") | AJ3001: =IF(Z3001<>AE3001,"ERROR!","") | AL3001: =IF(H3001<0,1,0) -> 0
A3002: 3001 | B3002: BRA | C3002: SDR | D3002: 1 | E3002: 1.283799e+09 | F3002: 6509555.8 | G3002: 4.4890409e+09 | H3002: -6.2987543e+08 | I3002: 208699.91 | J3002: -139679.57 | K3002: -3018.0916 | L3002: 299101.25 | M3002: 267376.37 | O3002: =AVERAGE(E3002:E3501) -> 1.274696e+09 | P3002: =_xlfn.PERCENTILE.INC(E3002:E3501,0.5) -> 1.2727824e+09 | Q3002: =_xlfn.PERCENTILE.INC(E3002:E3501,0.025) -> 7.7671201e+08 | R3002: =_xlfn.PERCENTILE.INC(E3002:E3501,0.975) -> 1.9400142e+09 | S3002: =_xlfn.PERCENTILE.INC(H3002:H3501,0.5) -> -2.4670564e+08 | T3002: =AVERAGE(F3002:F3501) -> 6379224.9 | U3002: =_xlfn.PERCENTILE.INC(F3002:F3501,0.5) -> 6408186.2 | V3002: =_xlfn.PERCENTILE.INC(F3002:F3501,0.025) -> 5616669.7 | W3002: =_xlfn.PERCENTILE.INC(F3002:F3501,0.975) -> 7105605.3 | Y3002: =IF(K3002<cet_BRA_lo,1,0) -> 1 | Z3002: =IF(K3002<cet_BRA_hi,1,0) -> 1 | AA3002: =AVERAGE(Y3002:Y3501) -> 1 | AB3002: =AVERAGE(Z3002:Z3501) -> 1 | AD3002: =IF(L3002<0,0,1) -> 1 | AE3002: =IF(M3002<0,0,1) -> 1 | AF3002: =AVERAGE(AD3002:AD3501) -> 1 | AG3002: =AVERAGE(AE3002:AE3501) -> 1 | AI3002: =IF(Y3002<>AD3002,"ERROR!","") | AJ3002: =IF(Z3002<>AE3002,"ERROR!","") | AL3002: =IF(H3002<0,1,0) -> 1 | AM3002: =AVERAGE(AL3002:AL3501) -> 1
A3003: 3002 | B3003: BRA | C3003: SDR | D3003: 2 | E3003: 1.1760221e+09 | F3003: 6874017.6 | G3003: 4.4890401e+09 | H3003: -2.7903201e+08 | I3003: 112987.67 | J3003: -78289.859 | K3003: -2469.5793 | L3003: 153035.06 | M3003: 138981.08 | Y3003: =IF(K3003<cet_BRA_lo,1,0) -> 1 | Z3003: =IF(K3003<cet_BRA_hi,1,0) -> 1 | AD3003: =IF(L3003<0,0,1) -> 1 | AE3003: =IF(M3003<0,0,1) -> 1 | AI3003: =IF(Y3003<>AD3003,"ERROR!","") | AJ3003: =IF(Z3003<>AE3003,"ERROR!","") | AL3003: =IF(H3003<0,1,0) -> 1
A3004: 3003 | B3004: BRA | C3004: SDR | D3004: 3 | E3004: 1.5022416e+09 | F3004: 6182645.9 | G3004: 4.4870274e+09 | H3004: -1.0158938e+08 | I3004: 29956.128 | J3004: -19427.582 | K3004: -3391.2719 | L3004: 44536.496 | M3004: 39419.754 | Y3004: =IF(K3004<cet_BRA_lo,1,0) -> 1 | Z3004: =IF(K3004<cet_BRA_hi,1,0) -> 1 | AD3004: =IF(L3004<0,0,1) -> 1 | AE3004: =IF(M3004<0,0,1) -> 1 | AI3004: =IF(Y3004<>AD3004,"ERROR!","") | AJ3004: =IF(Z3004<>AE3004,"ERROR!","") | AL3004: =IF(H3004<0,1,0) -> 1
A3005: 3004 | B3005: BRA | C3005: SDR | D3005: 4 | E3005: 7.7488834e+08 | F3005: 6169533.3 | G3005: 4.4896099e+09 | H3005: -9.3191845e+08 | I3005: 245784.46 | J3005: -172435.05 | K3005: -3791.6086 | L3005: 379535.79 | M3005: 332597.94 | Y3005: =IF(K3005<cet_BRA_lo,1,0) -> 1 | Z3005: =IF(K3005<cet_BRA_hi,1,0) -> 1 | AD3005: =IF(L3005<0,0,1) -> 1 | AE3005: =IF(M3005<0,0,1) -> 1 | AI3005: =IF(Y3005<>AD3005,"ERROR!","") | AJ3005: =IF(Z3005<>AE3005,"ERROR!","") | AL3005: =IF(H3005<0,1,0) -> 1
A3006: 3005 | B3006: BRA | C3006: SDR | D3006: 5 | E3006: 1.2928482e+09 | F3006: 6008016.7 | G3006: 4.4868673e+09 | H3006: -75029776 | I3006: 25085.176 | J3006: -17767.359 | K3006: -2991.0006 | L3006: 35853.642 | M3006: 32074.625 | Y3006: =IF(K3006<cet_BRA_lo,1,0) -> 1 | Z3006: =IF(K3006<cet_BRA_hi,1,0) -> 1 | AD3006: =IF(L3006<0,0,1) -> 1 | AE3006: =IF(M3006<0,0,1) -> 1 | AI3006: =IF(Y3006<>AD3006,"ERROR!","") | AJ3006: =IF(Z3006<>AE3006,"ERROR!","") | AL3006: =IF(H3006<0,1,0) -> 1
A3007: 3006 | B3007: BRA | C3007: SDR | D3007: 6 | E3007: 1.1362163e+09 | F3007: 6190926.7 | G3007: 4.4871017e+09 | H3007: -85987181 | I3007: 46893.895 | J3007: -27793.877 | K3007: -1833.6541 | L3007: 59234.996 | M3007: 54904.088 | Y3007: =IF(K3007<cet_BRA_lo,1,0) -> 1 | Z3007: =IF(K3007<cet_BRA_hi,1,0) -> 1 | AD3007: =IF(L3007<0,0,1) -> 1 | AE3007: =IF(M3007<0,0,1) -> 1 | AI3007: =IF(Y3007<>AD3007,"ERROR!","") | AJ3007: =IF(Z3007<>AE3007,"ERROR!","") | AL3007: =IF(H3007<0,1,0) -> 1
A3008: 3007 | B3008: BRA | C3008: SDR | D3008: 7 | E3008: 1.2569353e+09 | F3008: 6240849.5 | G3008: 4.4879983e+09 | H3008: -1.6188826e+08 | I3008: 40379.688 | J3008: -24306.314 | K3008: -4009.1508 | L3008: 63614.308 | M3008: 55460.497 | Y3008: =IF(K3008<cet_BRA_lo,1,0) -> 1 | Z3008: =IF(K3008<cet_BRA_hi,1,0) -> 1 | AD3008: =IF(L3008<0,0,1) -> 1 | AE3008: =IF(M3008<0,0,1) -> 1 | AI3008: =IF(Y3008<>AD3008,"ERROR!","") | AJ3008: =IF(Z3008<>AE3008,"ERROR!","") | AL3008: =IF(H3008<0,1,0) -> 1
A3009: 3008 | B3009: BRA | C3009: SDR | D3009: 8 | E3009: 1.1508632e+09 | F3009: 6559321.2 | G3009: 4.4909321e+09 | H3009: -4.9609236e+08 | I3009: 149463.64 | J3009: -101917.1 | K3009: -3319.1509 | L3009: 220664.09 | M3009: 195677.45 | Y3009: =IF(K3009<cet_BRA_lo,1,0) -> 1 | Z3009: =IF(K3009<cet_BRA_hi,1,0) -> 1 | AD3009: =IF(L3009<0,0,1) -> 1 | AE3009: =IF(M3009<0,0,1) -> 1 | AI3009: =IF(Y3009<>AD3009,"ERROR!","") | AJ3009: =IF(Z3009<>AE3009,"ERROR!","") | AL3009: =IF(H3009<0,1,0) -> 1
A3010: 3009 | B3010: BRA | C3010: SDR | D3010: 9 | E3010: 2.314543e+09 | F3010: 6090295.6 | G3010: 4.4886704e+09 | H3010: -2.8611439e+08 | I3010: 83756.772 | J3010: -54678.513 | K3010: -3416.015 | L3010: 124820.65 | M3010: 110409.95 | Y3010: =IF(K3010<cet_BRA_lo,1,0) -> 1 | Z3010: =IF(K3010<cet_BRA_hi,1,0) -> 1 | AD3010: =IF(L3010<0,0,1) -> 1 | AE3010: =IF(M3010<0,0,1) -> 1 | AI3010: =IF(Y3010<>AD3010,"ERROR!","") | AJ3010: =IF(Z3010<>AE3010,"ERROR!","") | AL3010: =IF(H3010<0,1,0) -> 1
A3011: 3010 | B3011: BRA | C3011: SDR | D3011: 10 | E3011: 1.5685132e+09 | F3011: 6914493.3 | G3011: 4.4900046e+09 | H3011: -6.321373e+08 | I3011: 212890.09 | J3011: -157685.2 | K3011: -2969.3129 | L3011: 303616.06 | M3011: 271777.26 | Y3011: =IF(K3011<cet_BRA_lo,1,0) -> 1 | Z3011: =IF(K3011<cet_BRA_hi,1,0) -> 1 | AD3011: =IF(L3011<0,0,1) -> 1 | AE3011: =IF(M3011<0,0,1) -> 1 | AI3011: =IF(Y3011<>AD3011,"ERROR!","") | AJ3011: =IF(Z3011<>AE3011,"ERROR!","") | AL3011: =IF(H3011<0,1,0) -> 1
A3012: 3011 | B3012: BRA | C3012: SDR | D3012: 11 | E3012: 1.0595556e+09 | F3012: 6313208.7 | G3012: 4.4881474e+09 | H3012: -5.1148451e+08 | I3012: 181819.23 | J3012: -131651.23 | K3012: -2813.1487 | L3012: 255228.8 | M3012: 229466.91 | Y3012: =IF(K3012<cet_BRA_lo,1,0) -> 1 | Z3012: =IF(K3012<cet_BRA_hi,1,0) -> 1 | AD3012: =IF(L3012<0,0,1) -> 1 | AE3012: =IF(M3012<0,0,1) -> 1 | AI3012: =IF(Y3012<>AD3012,"ERROR!","") | AJ3012: =IF(Z3012<>AE3012,"ERROR!","") | AL3012: =IF(H3012<0,1,0) -> 1
A3013: 3012 | B3013: BRA | C3013: SDR | D3013: 12 | E3013: 1.0140166e+09 | F3013: 6721885.6 | G3013: 4.4890496e+09 | H3013: -2.5098992e+08 | I3013: 71394.203 | J3013: -45877.55 | K3013: -3515.5504 | L3013: 107416.92 | M3013: 94775.336 | Y3013: =IF(K3013<cet_BRA_lo,1,0) -> 1 | Z3013: =IF(K3013<cet_BRA_hi,1,0) -> 1 | AD3013: =IF(L3013<0,0,1) -> 1 | AE3013: =IF(M3013<0,0,1) -> 1 | AI3013: =IF(Y3013<>AD3013,"ERROR!","") | AJ3013: =IF(Z3013<>AE3013,"ERROR!","") | AL3013: =IF(H3013<0,1,0) -> 1
A3014: 3013 | B3014: BRA | C3014: SDR | D3014: 13 | E3014: 8.6091288e+08 | F3014: 6609414.3 | G3014: 4.4859977e+09 | H3014: -4.3349562e+08 | I3014: 137197.51 | J3014: -80242.741 | K3014: -3159.6463 | L3014: 199413.92 | M3014: 177580.09 | Y3014: =IF(K3014<cet_BRA_lo,1,0) -> 1 | Z3014: =IF(K3014<cet_BRA_hi,1,0) -> 1 | AD3014: =IF(L3014<0,0,1) -> 1 | AE3014: =IF(M3014<0,0,1) -> 1 | AI3014: =IF(Y3014<>AD3014,"ERROR!","") | AJ3014: =IF(Z3014<>AE3014,"ERROR!","") | AL3014: =IF(H3014<0,1,0) -> 1
... A3501: 3500 | B3501: BRA | C3501: SDR | D3501: 500 | E3501: 1.1785381e+09 | F3501: 6522142 | G3501: 4.4899555e+09 | H3501: -7.4248484e+08 | I3501: 238278.1 | J3501: -169510.81 | K3501: -3116.0432 | L3501: 344841.43 | M3501: 307444.77 | Y3501: =IF(K3501<cet_BRA_lo,1,0) -> 1 | Z3501: =IF(K3501<cet_BRA_hi,1,0) -> 1 | AD3501: =IF(L3501<0,0,1) -> 1 | AE3501: =IF(M3501<0,0,1) -> 1 | AI3501: =IF(Y3501<>AD3501,"ERROR!","") | AJ3501: =IF(Z3501<>AE3501,"ERROR!","") | AL3501: =IF(H3501<0,1,0) -> 1
A3502: 3501 | B3502: BRA | C3502: SDS | D3502: 1 | E3502: 1.91054e+09 | F3502: 6718255.7 | G3502: 4.4891806e+09 | H3502: -3134479.1 | I3502: 0 | J3502: 0 | K3502: NA | L3502: 449.8685 | M3502: 291.9945 | O3502: =AVERAGE(E3502:E4001) -> 1.7092527e+09 | P3502: =_xlfn.PERCENTILE.INC(E3502:E4001,0.5) -> 1.6654778e+09 | Q3502: =_xlfn.PERCENTILE.INC(E3502:E4001,0.025) -> 1.1121596e+09 | R3502: =_xlfn.PERCENTILE.INC(E3502:E4001,0.975) -> 2.4913548e+09 | S3502: =_xlfn.PERCENTILE.INC(H3502:H4001,0.5) -> 96640387 | T3502: =AVERAGE(F3502:F4001) -> 6489723.6 | U3502: =_xlfn.PERCENTILE.INC(F3502:F4001,0.5) -> 6494616.6 | V3502: =_xlfn.PERCENTILE.INC(F3502:F4001,0.025) -> 5742336.3 | W3502: =_xlfn.PERCENTILE.INC(F3502:F4001,0.975) -> 7190390.5 | Y3502: =IF(K3502<cet_BRA_lo,1,0) -> 0 | Z3502: =IF(K3502<cet_BRA_hi,1,0) -> 0 | AA3502: =AVERAGE(Y3502:Y4001) -> 0 | AB3502: =AVERAGE(Z3502:Z4001) -> 0 | AD3502: =IF(L3502<0,0,1) -> 1 | AE3502: =IF(M3502<0,0,1) -> 1 | AF3502: =AVERAGE(AD3502:AD4001) -> 0.06 | AG3502: =AVERAGE(AE3502:AE4001) -> 0.06 | AI3502: =IF(Y3502<>AD3502,"ERROR!","") -> ERROR! | AJ3502: =IF(Z3502<>AE3502,"ERROR!","") -> ERROR! | AL3502: =IF(H3502<0,1,0) -> 1 | AM3502: =AVERAGE(AL3502:AL4001) -> 0.06
...

Sheet Currencies & CETs
A1: CURRENCIES | B1: Conversion ratea (World Bank: DEC alternative conversion factor, 2023) | H1: Cost-effectiveness thresholds
B2: https://wdi.worldbank.org/table/4.16# | H2: Ochalek
E3: Mean cost (US$) | F3: Mean cost (R$) | H3: Lower bound | I3: Upper bound
A4: BRAZIL | B4: 4.99 | C4: BRA | D4: BAU | E4: =Summaries!D2 -> 1.6111629e+09 | F4: =E4*BRA -> 8.0397031e+09 | H4: 6967.55 | I4: 10734.72
C5: BRA | D5: VAX | E5: =Summaries!D3 -> 3.9637137e+09 | F5: =E5*BRA -> 1.9778932e+10
C6: BRA | D6: TPT | E6: =Summaries!D4 -> 1.6615746e+09 | F6: =E6*BRA -> 8.291257e+09
C7: BRA | D7: SCRhi | E7: =Summaries!D5 -> 3.853532e+10 | F7: =E7*BRA -> 1.9229125e+11
C8: BRA | D8: SCRlo | E8: =Summaries!D6 -> 8.1011788e+09 | F8: =E8*BRA -> 4.0424882e+10
C9: BRA | D9: DGN | E9: =Summaries!D7 -> 2.1831962e+09 | F9: =E9*BRA -> 1.0894149e+10
C10: BRA | D10: DST | E10: =Summaries!D8 -> 1.8578186e+09 | F10: =E10*BRA -> 9.2705148e+09
C11: BRA | D11: SDS | E11: =Summaries!D9 -> 1.7092527e+09 | F11: =E11*BRA -> 8.5291709e+09
C12: BRA | D12: SDR | E12: =Summaries!D10 -> 1.274696e+09 | F12: =E12*BRA -> 6.3607333e+09
C13: BRA | D13: PRI | E13: =Summaries!D11 -> 1.8018965e+09 | F13: =E13*BRA -> 8.9914634e+09
F14: Mean cost (INR)
A15: INDIA | B15: 82.79 | C15: IND | D15: BAU | E15: =Summaries!D13 -> 1.791574e+10 | F15: =E15*IND -> 1.4832441e+12 | H15: 413.47 | I15: 568.52
C16: IND | D16: VAX | E16: =Summaries!D14 -> 3.3480308e+10 | F16: =E16*IND -> 2.7718347e+12
C17: IND | D17: TPT | E17: =Summaries!D15 -> 1.9144619e+10 | F17: =E17*IND -> 1.584983e+12
C18: IND | D18: SCRhi | E18: =Summaries!D16 -> 2.6199254e+11 | F18: =E18*IND -> 2.1690362e+13
C19: IND | D19: SCRlo | E19: =Summaries!D17 -> 4.9093181e+10 | F19: =E19*IND -> 4.0644245e+12
C20: IND | D20: DGN | E20: =Summaries!D18 -> 2.9433166e+10 | F20: =E20*IND -> 2.4367718e+12
C21: IND | D21: DST | E21: =Summaries!D19 -> 1.8680484e+10 | F21: =E21*IND -> 1.5465573e+12
C22: IND | D22: SDS | E22: =Summaries!D20 -> 1.9360839e+10 | F22: =E22*IND -> 1.6028838e+12
C23: IND | D23: SDR | E23: =Summaries!D21 -> 1.7607656e+10 | F23: =E23*IND -> 1.4577378e+12
C24: IND | D24: NTN | E24: =Summaries!D22 -> 2.0172411e+10 | F24: =E24*IND -> 1.6700739e+12
F25: Mean cost (R)
A26: SOUTH AFRICA | B26: 18.45 | C26: ZAF | D26: BAU | E26: =Summaries!D24 -> 2.5592577e+09 | F26: =E26*ZAF -> 4.7218304e+10 | H26: 2443.59 | I26: 3285.06
C27: ZAF | D27: VAX | E27: =Summaries!D25 -> 3.1384222e+09 | F27: =E27*ZAF -> 5.790389e+10
C28: ZAF | D28: TPT | E28: =Summaries!D26 -> 2.7196612e+09 | F28: =E28*ZAF -> 5.0177749e+10
C29: ZAF | D29: SCRhi | E29: =Summaries!D27 -> 1.2310247e+10 | F29: =E29*ZAF -> 2.2712405e+11
C30: ZAF | D30: SCRlo | E30: =Summaries!D28 -> 4.4879331e+09 | F30: =E30*ZAF -> 8.2802365e+10
C31: ZAF | D31: DGN | E31: =Summaries!D29 -> 2.7351811e+09 | F31: =E31*ZAF -> 5.0464091e+10
C32: ZAF | D32: DST | E32: =Summaries!D30 -> 2.5809917e+09 | F32: =E32*ZAF -> 4.7619297e+10
C33: ZAF | D33: SDS | E33: =Summaries!D31 -> 2.6457582e+09 | F33: =E33*ZAF -> 4.8814238e+10
C34: ZAF | D34: SDR | E34: =Summaries!D32 -> 2.5221535e+09 | F34: =E34*ZAF -> 4.6533732e+10

Sheet Summaries
C1: Mean cost (R$) | D1: Mean cost (US$) | E1: Incr mean cost | F1: Mean DALYs | G1: Incr DALYs | H1: ICERs vs BAU | I1: % CE at Och low CET | J1: % CE at Och high CET | L1: Median cost | M1: 2.5% cost | N1: 97.5% cost | O1: Incr median cost | P1: Median incr cost | R1: Median DALYs | S1: 2.5% DALYs | T1: 97.5% DALYs | U1: Incr median DALYs averted | V1: Median incr DALYs averted
A2: BRA | B2: BAU | C2: ='Currencies & CETs'!F4 -> 8.0397031e+09 | D2: ='ceasumm_raw_results (260519)'!O2 -> 1.6111629e+09 | F2: ='ceasumm_raw_results (260519)'!T2 -> 6489723.6 | L2: ='ceasumm_raw_results (260519)'!P2 -> 1.5685268e+09 | M2: ='ceasumm_raw_results (260519)'!Q2 -> 9.9586562e+08 | N2: ='ceasumm_raw_results (260519)'!R2 -> 2.3960757e+09 | R2: ='ceasumm_raw_results (260519)'!U2 -> 6494616.6 | S2: ='ceasumm_raw_results (260519)'!V2 -> 5742336.3 | T2: ='ceasumm_raw_results (260519)'!W2 -> 7190390.5
A3: BRA | B3: VAX | C3: ='Currencies & CETs'!F5 -> 1.9778932e+10 | D3: ='ceasumm_raw_results (260519)'!O4502 -> 3.9637137e+09 | E3: =D3-D$2 -> 2.3525508e+09 | F3: ='ceasumm_raw_results (260519)'!T4502 -> 5002774.8 | G3: =F$2-F3 -> 1486948.7 | H3: =E3/G3 -> 1582.1331 | I3: ='ceasumm_raw_results (260519)'!AA4502 -> 1 | J3: ='ceasumm_raw_results (260519)'!AB4502 -> 1 | L3: ='ceasumm_raw_results (260519)'!P4502 -> 3.9455913e+09 | M3: ='ceasumm_raw_results (260519)'!Q4502 -> 2.6037694e+09 | N3: ='ceasumm_raw_results (260519)'!R4502 -> 5.4951414e+09 | O3: =N3-N$2 -> 3.0990657e+09 | P3: ='ceasumm_raw_results (260519)'!S4502 -> 2.301548e+09 | R3: ='ceasumm_raw_results (260519)'!U4502 -> 5009831 | S3: ='ceasumm_raw_results (260519)'!V4502 -> 4378366.9 | T3: ='ceasumm_raw_results (260519)'!W4502 -> 5588273 | U3: =T$2-T3 -> 1602117.6
A4: BRA | B4: TPT | C4: ='Currencies & CETs'!F6 -> 8.291257e+09 | D4: ='ceasumm_raw_results (260519)'!O4002 -> 1.6615746e+09 | E4: =D4-D$2 -> 50411611 | F4: ='ceasumm_raw_results (260519)'!T4002 -> 6426637.3 | G4: =F$2-F4 -> 63086.293 | H4: =E4/G4 -> 799.08977 | I4: ='ceasumm_raw_results (260519)'!AA4002 -> 1 | J4: ='ceasumm_raw_results (260519)'!AB4002 -> 1 | L4: ='ceasumm_raw_results (260519)'!P4002 -> 1.6156168e+09 | M4: ='ceasumm_raw_results (260519)'!Q4002 -> 1.0444483e+09 | N4: ='ceasumm_raw_results (260519)'!R4002 -> 2.446833e+09 | O4: =N4-N$2 -> 50757229 | P4: ='ceasumm_raw_results (260519)'!S4002 -> 49792879 | R4: ='ceasumm_raw_results (260519)'!U4002 -> 6432202.5 | S4: ='ceasumm_raw_results (260519)'!V4002 -> 5686933.2 | T4: ='ceasumm_raw_results (260519)'!W4002 -> 7112344.8 | U4: =T$2-T4 -> 78045.733
A5: BRA | B5: SCRhi | C5: ='Currencies & CETs'!F7 -> 1.9229125e+11 | D5: ='ceasumm_raw_results (260519)'!O2002 -> 3.853532e+10 | E5: =D5-D$2 -> 3.6924157e+10 | F5: ='ceasumm_raw_results (260519)'!T2002 -> 3903161.6 | G5: =F$2-F5 -> 2586561.9 | H5: =E5/G5 -> 14275.381 | I5: ='ceasumm_raw_results (260519)'!AA2002 -> 0.008 | J5: ='ceasumm_raw_results (260519)'!AB2002 -> 0.182 | L5: ='ceasumm_raw_results (260519)'!P2002 -> 3.7573876e+10 | M5: ='ceasumm_raw_results (260519)'!Q2002 -> 2.2623541e+10 | N5: ='ceasumm_raw_results (260519)'!R2002 -> 6.035868e+10 | O5: =N5-N$2 -> 5.7962605e+10 | P5: ='ceasumm_raw_results (260519)'!S2002 -> 3.5830813e+10 | R5: ='ceasumm_raw_results (260519)'!U2002 -> 3929987.5 | S5: ='ceasumm_raw_results (260519)'!V2002 -> 3337533.6 | T5: ='ceasumm_raw_results (260519)'!W2002 -> 4383219.7 | U5: =T$2-T5 -> 2807170.8
A6: BRA | B6: SCRlo | C6: ='Currencies & CETs'!F8 -> 4.0424882e+10 | D6: ='ceasumm_raw_results (260519)'!O2502 -> 8.1011788e+09 | E6: =D6-D$2 -> 6.4900159e+09 | F6: ='ceasumm_raw_results (260519)'!T2502 -> 3903161.6 | G6: =F$2-F6 -> 2586561.9 | H6: =E6/G6 -> 2509.1283 | I6: ='ceasumm_raw_results (260519)'!AA2502 -> 1 | J6: ='ceasumm_raw_results (260519)'!AB2502 -> 1 | L6: ='ceasumm_raw_results (260519)'!P2502 -> 7.9772279e+09 | M6: ='ceasumm_raw_results (260519)'!Q2502 -> 5.7470611e+09 | N6: ='ceasumm_raw_results (260519)'!R2502 -> 1.0810482e+10 | O6: =N6-N$2 -> 8.4144058e+09 | P6: ='ceasumm_raw_results (260519)'!S2502 -> 6.3998838e+09 | R6: ='ceasumm_raw_results (260519)'!U2502 -> 3929987.5 | S6: ='ceasumm_raw_results (260519)'!V2502 -> 3337533.6 | T6: ='ceasumm_raw_results (260519)'!W2502 -> 4383219.7 | U6: =T$2-T6 -> 2807170.8
A7: BRA | B7: DGN | C7: ='Currencies & CETs'!F9 -> 1.0894149e+10 | D7: ='ceasumm_raw_results (260519)'!O502 -> 2.1831962e+09 | E7: =D7-D$2 -> 5.7203329e+08 | F7: ='ceasumm_raw_results (260519)'!T502 -> 6349912.8 | G7: =F$2-F7 -> 139810.72 | H7: =E7/G7 -> 4091.4838 | I7: ='ceasumm_raw_results (260519)'!AA502 -> 0.808 | J7: ='ceasumm_raw_results (260519)'!AB502 -> 0.922 | L7: ='ceasumm_raw_results (260519)'!P502 -> 2.116189e+09 | M7: ='ceasumm_raw_results (260519)'!Q502 -> 1.4366555e+09 | N7: ='ceasumm_raw_results (260519)'!R502 -> 3.3808053e+09 | O7: =N7-N$2 -> 9.8472961e+08 | P7: ='ceasumm_raw_results (260519)'!S502 -> 5.4230203e+08 | R7: ='ceasumm_raw_results (260519)'!U502 -> 6379351.6 | S7: ='ceasumm_raw_results (260519)'!V502 -> 5597758.4 | T7: ='ceasumm_raw_results (260519)'!W502 -> 7077693.5 | U7: =T$2-T7 -> 112697.07
A8: BRA | B8: DST | C8: ='Currencies & CETs'!F10 -> 9.2705148e+09 | D8: ='ceasumm_raw_results (260519)'!O1002 -> 1.8578186e+09 | E8: =D8-D$2 -> 2.4665566e+08 | F8: ='ceasumm_raw_results (260519)'!T1002 -> 6377085.2 | G8: =F$2-F8 -> 112638.4 | H8: =E8/G8 -> 2189.8008 | I8: ='ceasumm_raw_results (260519)'!AA1002 -> 1 | J8: ='ceasumm_raw_results (260519)'!AB1002 -> 1 | L8: ='ceasumm_raw_results (260519)'!P1002 -> 1.7702482e+09 | M8: ='ceasumm_raw_results (260519)'!Q1002 -> 1.0986613e+09 | N8: ='ceasumm_raw_results (260519)'!R1002 -> 2.9298221e+09 | O8: =N8-N$2 -> 5.337464e+08 | P8: ='ceasumm_raw_results (260519)'!S1002 -> 1.8259602e+08 | R8: ='ceasumm_raw_results (260519)'!U1002 -> 6411393.4 | S8: ='ceasumm_raw_results (260519)'!V1002 -> 5599976.4 | T8: ='ceasumm_raw_results (260519)'!W1002 -> 7111395.5 | U8: =T$2-T8 -> 78994.995
A9: BRA | B9: SDS | C9: ='Currencies & CETs'!F11 -> 8.5291709e+09 | D9: ='ceasumm_raw_results (260519)'!O3502 -> 1.7092527e+09 | E9: =D9-D$2 -> 98089750 | F9: ='ceasumm_raw_results (260519)'!T3502 -> 6489723.6 | G9: =F$2-F9 -> 0 | H9: =E9/G9 -> #DIV/0! | I9: ='ceasumm_raw_results (260519)'!AA3502 -> 0 | J9: ='ceasumm_raw_results (260519)'!AB3502 -> 0 | L9: ='ceasumm_raw_results (260519)'!P3502 -> 1.6654778e+09 | M9: ='ceasumm_raw_results (260519)'!Q3502 -> 1.1121596e+09 | N9: ='ceasumm_raw_results (260519)'!R3502 -> 2.4913548e+09 | O9: =N9-N$2 -> 95279061 | P9: ='ceasumm_raw_results (260519)'!S3502 -> 96640387 | R9: ='ceasumm_raw_results (260519)'!U3502 -> 6494616.6 | S9: ='ceasumm_raw_results (260519)'!V3502 -> 5742336.3 | T9: ='ceasumm_raw_results (260519)'!W3502 -> 7190390.5 | U9: =T$2-T9 -> 0
A10: BRA | B10: SDR | C10: ='Currencies & CETs'!F12 -> 6.3607333e+09 | D10: ='ceasumm_raw_results (260519)'!O3002 -> 1.274696e+09 | E10: =D10-D$2 -> -3.364669e+08 | F10: ='ceasumm_raw_results (260519)'!T3002 -> 6379224.9 | G10: =F$2-F10 -> 110498.64 | H10: =E10/G10 -> -3044.9869 | I10: ='ceasumm_raw_results (260519)'!AA3002 -> 1 | J10: ='ceasumm_raw_results (260519)'!AB3002 -> 1 | L10: ='ceasumm_raw_results (260519)'!P3002 -> 1.2727824e+09 | M10: ='ceasumm_raw_results (260519)'!Q3002 -> 7.7671201e+08 | N10: ='ceasumm_raw_results (260519)'!R3002 -> 1.9400142e+09 | O10: =N10-N$2 -> -4.560615e+08 | P10: ='ceasumm_raw_results (260519)'!S3002 -> -2.4670564e+08 | R10: ='ceasumm_raw_results (260519)'!U3002 -> 6408186.2 | S10: ='ceasumm_raw_results (260519)'!V3002 -> 5616669.7 | T10: ='ceasumm_raw_results (260519)'!W3002 -> 7105605.3 | U10: =T$2-T10 -> 84785.192
A11: BRA | B11: PRI | C11: ='Currencies & CETs'!F13 -> 8.9914634e+09 | D11: ='ceasumm_raw_results (260519)'!O1502 -> 1.8018965e+09 | E11: =D11-D$2 -> 1.9073354e+08 | F11: ='ceasumm_raw_results (260519)'!T1502 -> 5185462.6 | G11: =F$2-F11 -> 1304261 | H11: =E11/G11 -> 146.23878 | I11: ='ceasumm_raw_results (260519)'!AA1502 -> 1 | J11: ='ceasumm_raw_results (260519)'!AB1502 -> 1 | L11: ='ceasumm_raw_results (260519)'!P1502 -> 1.7529438e+09 | M11: ='ceasumm_raw_results (260519)'!Q1502 -> 1.1514729e+09 | N11: ='ceasumm_raw_results (260519)'!R1502 -> 2.6435714e+09 | O11: =N11-N$2 -> 2.4749566e+08 | P11: ='ceasumm_raw_results (260519)'!S1502 -> 1.8426827e+08 | R11: ='ceasumm_raw_results (260519)'!U1502 -> 5191452.7 | S11: ='ceasumm_raw_results (260519)'!V1502 -> 4627462.9 | T11: ='ceasumm_raw_results (260519)'!W1502 -> 5778311.2 | U11: =T$2-T11 -> 1412079.3
C12: Mean cost (INR) | O12: =O6/O5 -> 0.14516956 | P12: =P6/P5 -> 0.17861397
A13: IND | B13: BAU | C13: ='Currencies & CETs'!F15 -> 1.4832441e+12 | D13: ='ceasumm_raw_results (260519)'!O5002 -> 1.791574e+10 | F13: ='ceasumm_raw_results (260519)'!T5002 -> 91200660 | L13: ='ceasumm_raw_results (260519)'!P5002 -> 1.7510506e+10 | M13: ='ceasumm_raw_results (260519)'!Q5002 -> 1.2335695e+10 | N13: ='ceasumm_raw_results (260519)'!R5002 -> 2.5638868e+10 | P13: ='ceasumm_raw_results (260519)'!S5002 -> 0 | R13: ='ceasumm_raw_results (260519)'!U5002 -> 91456960 | S13: ='ceasumm_raw_results (260519)'!V5002 -> 88194081 | T13: ='ceasumm_raw_results (260519)'!W5002 -> 93353404
A14: IND | B14: VAX | C14: ='Currencies & CETs'!F16 -> 2.7718347e+12 | D14: ='ceasumm_raw_results (260519)'!O9502 -> 3.3480308e+10 | E14: =D14-D$13 -> 1.5564568e+10 | F14: ='ceasumm_raw_results (260519)'!T9502 -> 80713121 | G14: =F$13-F14 -> 10487539 | H14: =E14/G14 -> 1484.1011 | I14: ='ceasumm_raw_results (260519)'!AA9502 -> 0 | J14: ='ceasumm_raw_results (260519)'!AB9502 -> 0.002 | L14: ='ceasumm_raw_results (260519)'!P9502 -> 3.3070365e+10 | M14: ='ceasumm_raw_results (260519)'!Q9502 -> 2.3498578e+10 | N14: ='ceasumm_raw_results (260519)'!R9502 -> 4.4045202e+10 | O14: =N14-N$13 -> 1.8406334e+10 | P14: ='ceasumm_raw_results (260519)'!S9502 -> 1.5437434e+10 | R14: ='ceasumm_raw_results (260519)'!U9502 -> 80989596 | S14: ='ceasumm_raw_results (260519)'!V9502 -> 77529295 | T14: ='ceasumm_raw_results (260519)'!W9502 -> 83016818 | U14: =T$13-T14 -> 10336587
A15: IND | B15: TPT | C15: ='Currencies & CETs'!F17 -> 1.584983e+12 | D15: ='ceasumm_raw_results (260519)'!O9002 -> 1.9144619e+10 | E15: =D15-D$13 -> 1.2288796e+09 | F15: ='ceasumm_raw_results (260519)'!T9002 -> 88084845 | G15: =F$13-F15 -> 3115814.9 | H15: =E15/G15 -> 394.40071 | I15: ='ceasumm_raw_results (260519)'!AA9002 -> 0.628 | J15: ='ceasumm_raw_results (260519)'!AB9002 -> 0.976 | L15: ='ceasumm_raw_results (260519)'!P9002 -> 1.8719353e+10 | M15: ='ceasumm_raw_results (260519)'!Q9002 -> 1.3511458e+10 | N15: ='ceasumm_raw_results (260519)'!R9002 -> 2.6966965e+10 | O15: =N15-N$13 -> 1.3280971e+09 | P15: ='ceasumm_raw_results (260519)'!S9002 -> 1.2049721e+09 | R15: ='ceasumm_raw_results (260519)'!U9002 -> 88343829 | S15: ='ceasumm_raw_results (260519)'!V9002 -> 85133843 | T15: ='ceasumm_raw_results (260519)'!W9002 -> 90125452 | U15: =T$13-T15 -> 3227951.8
A16: IND | B16: SCRhi | C16: ='Currencies & CETs'!F18 -> 2.1690362e+13 | D16: ='ceasumm_raw_results (260519)'!O7002 -> 2.6199254e+11 | E16: =D16-D$13 -> 2.440768e+11 | F16: ='ceasumm_raw_results (260519)'!T7002 -> 62119515 | G16: =F$13-F16 -> 29081144 | H16: =E16/G16 -> 8392.9571 | I16: ='ceasumm_raw_results (260519)'!AA7002 -> 0 | J16: ='ceasumm_raw_results (260519)'!AB7002 -> 0 | L16: ='ceasumm_raw_results (260519)'!P7002 -> 2.5949477e+11 | M16: ='ceasumm_raw_results (260519)'!Q7002 -> 1.6573205e+11 | N16: ='ceasumm_raw_results (260519)'!R7002 -> 3.7015359e+11 | O16: =N16-N$13 -> 3.4451472e+11 | P16: ='ceasumm_raw_results (260519)'!S7002 -> 2.4149263e+11 | R16: ='ceasumm_raw_results (260519)'!U7002 -> 62292009 | S16: ='ceasumm_raw_results (260519)'!V7002 -> 59578511 | T16: ='ceasumm_raw_results (260519)'!W7002 -> 64796972 | U16: =T$13-T16 -> 28556432
A17: IND | B17: SCRlo | C17: ='Currencies & CETs'!F19 -> 4.0644245e+12 | D17: ='ceasumm_raw_results (260519)'!O7502 -> 4.9093181e+10 | E17: =D17-D$13 -> 3.1177441e+10 | F17: ='ceasumm_raw_results (260519)'!T7502 -> 62119515 | G17: =F$13-F17 -> 29081144 | H17: =E17/G17 -> 1072.0844 | I17: ='ceasumm_raw_results (260519)'!AA7502 -> 0 | J17: ='ceasumm_raw_results (260519)'!AB7502 -> 0 | L17: ='ceasumm_raw_results (260519)'!P7502 -> 4.9066775e+10 | M17: ='ceasumm_raw_results (260519)'!Q7502 -> 3.6586635e+10 | N17: ='ceasumm_raw_results (260519)'!R7502 -> 6.3670786e+10 | O17: =N17-N$13 -> 3.8031918e+10 | P17: ='ceasumm_raw_results (260519)'!S7502 -> 3.093283e+10 | R17: ='ceasumm_raw_results (260519)'!U7502 -> 62292009 | S17: ='ceasumm_raw_results (260519)'!V7502 -> 59578511 | T17: ='ceasumm_raw_results (260519)'!W7502 -> 64796972 | U17: =T$13-T17 -> 28556432
A18: IND | B18: DGN | C18: ='Currencies & CETs'!F20 -> 2.4367718e+12 | D18: ='ceasumm_raw_results (260519)'!O5502 -> 2.9433166e+10 | E18: =D18-D$13 -> 1.1517426e+10 | F18: ='ceasumm_raw_results (260519)'!T5502 -> 90329130 | G18: =F$13-F18 -> 871529.19 | H18: =E18/G18 -> 13215.193 | I18: ='ceasumm_raw_results (260519)'!AA5502 -> 0.018 | J18: ='ceasumm_raw_results (260519)'!AB5502 -> 0.02 | L18: ='ceasumm_raw_results (260519)'!P5502 -> 2.9004368e+10 | M18: ='ceasumm_raw_results (260519)'!Q5502 -> 2.0411567e+10 | N18: ='ceasumm_raw_results (260519)'!R5502 -> 4.3151191e+10 | O18: =N18-N$13 -> 1.7512323e+10 | P18: ='ceasumm_raw_results (260519)'!S5502 -> 1.1151957e+10 | R18: ='ceasumm_raw_results (260519)'!U5502 -> 90581891 | S18: ='ceasumm_raw_results (260519)'!V5502 -> 87355466 | T18: ='ceasumm_raw_results (260519)'!W5502 -> 92452714 | U18: =T$13-T18 -> 900690.26
A19: IND | B19: DST | C19: ='Currencies & CETs'!F21 -> 1.5465573e+12 | D19: ='ceasumm_raw_results (260519)'!O6002 -> 1.8680484e+10 | E19: =D19-D$13 -> 7.6474426e+08 | F19: ='ceasumm_raw_results (260519)'!T6002 -> 90093481 | G19: =F$13-F19 -> 1107179 | H19: =E19/G19 -> 690.71417 | I19: ='ceasumm_raw_results (260519)'!AA6002 -> 0.024 | J19: ='ceasumm_raw_results (260519)'!AB6002 -> 0.242 | L19: ='ceasumm_raw_results (260519)'!P6002 -> 1.8312355e+10 | M19: ='ceasumm_raw_results (260519)'!Q6002 -> 1.2956214e+10 | N19: ='ceasumm_raw_results (260519)'!R6002 -> 2.6543859e+10 | O19: =N19-N$13 -> 9.0499157e+08 | P19: ='ceasumm_raw_results (260519)'!S6002 -> 7.4735931e+08 | R19: ='ceasumm_raw_results (260519)'!U6002 -> 90345931 | S19: ='ceasumm_raw_results (260519)'!V6002 -> 87080497 | T19: ='ceasumm_raw_results (260519)'!W6002 -> 92294936 | U19: =T$13-T19 -> 1058468.3
A20: IND | B20: SDS | C20: ='Currencies & CETs'!F22 -> 1.6028838e+12 | D20: ='ceasumm_raw_results (260519)'!O8502 -> 1.9360839e+10 | E20: =D20-D$13 -> 1.445099e+09 | F20: ='ceasumm_raw_results (260519)'!T8502 -> 91200660 | G20: =F$13-F20 -> 0 | H20: =E20/G20 -> #DIV/0! | I20: ='ceasumm_raw_results (260519)'!AA8502 -> 0 | J20: ='ceasumm_raw_results (260519)'!AB8502 -> 0 | L20: ='ceasumm_raw_results (260519)'!P8502 -> 1.9119314e+10 | M20: ='ceasumm_raw_results (260519)'!Q8502 -> 1.327531e+10 | N20: ='ceasumm_raw_results (260519)'!R8502 -> 2.7373753e+10 | O20: =N20-N$13 -> 1.7348852e+09 | P20: ='ceasumm_raw_results (260519)'!S8502 -> 1.474791e+09 | R20: ='ceasumm_raw_results (260519)'!U8502 -> 91456960 | S20: ='ceasumm_raw_results (260519)'!V8502 -> 88194081 | T20: ='ceasumm_raw_results (260519)'!W8502 -> 93353404 | U20: =T$13-T20 -> 0
A21: IND | B21: SDR | C21: ='Currencies & CETs'!F23 -> 1.4577378e+12 | D21: ='ceasumm_raw_results (260519)'!O8002 -> 1.7607656e+10 | E21: =D21-D$13 -> -3.080837e+08 | F21: ='ceasumm_raw_results (260519)'!T8002 -> 89095112 | G21: =F$13-F21 -> 2105548 | H21: =E21/G21 -> -146.31997 | I21: ='ceasumm_raw_results (260519)'!AA8002 -> 1 | J21: ='ceasumm_raw_results (260519)'!AB8002 -> 1 | L21: ='ceasumm_raw_results (260519)'!P8002 -> 1.7223452e+10 | M21: ='ceasumm_raw_results (260519)'!Q8002 -> 1.2049099e+10 | N21: ='ceasumm_raw_results (260519)'!R8002 -> 2.5237975e+10 | O21: =N21-N$13 -> -4.0089288e+08 | P21: ='ceasumm_raw_results (260519)'!S8002 -> -3.0205062e+08 | R21: ='ceasumm_raw_results (260519)'!U8002 -> 89345505 | S21: ='ceasumm_raw_results (260519)'!V8002 -> 86037948 | T21: ='ceasumm_raw_results (260519)'!W8002 -> 91351471 | U21: =T$13-T21 -> 2001933.5
A22: IND | B22: NTN | C22: ='Currencies & CETs'!F24 -> 1.6700739e+12 | D22: ='ceasumm_raw_results (260519)'!O6502 -> 2.0172411e+10 | E22: =D22-D$13 -> 2.2566712e+09 | F22: ='ceasumm_raw_results (260519)'!T6502 -> 83169247 | G22: =F$13-F22 -> 8031413.1 | H22: =E22/G22 -> 280.98058 | I22: ='ceasumm_raw_results (260519)'!AA6502 -> 0.986 | J22: ='ceasumm_raw_results (260519)'!AB6502 -> 1 | L22: ='ceasumm_raw_results (260519)'!P6502 -> 1.9736236e+10 | M22: ='ceasumm_raw_results (260519)'!Q6502 -> 1.4528995e+10 | N22: ='ceasumm_raw_results (260519)'!R6502 -> 2.7980551e+10 | O22: =N22-N$13 -> 2.3416832e+09 | P22: ='ceasumm_raw_results (260519)'!S6502 -> 2.230863e+09 | R22: ='ceasumm_raw_results (260519)'!U6502 -> 83394879 | S22: ='ceasumm_raw_results (260519)'!V6502 -> 80200825 | T22: ='ceasumm_raw_results (260519)'!W6502 -> 85283934 | U22: =T$13-T22 -> 8069470.3
C23: Mean cost (R) | O23: =O17/O16 -> 0.11039272 | P23: =P17/P16 -> 0.12809016
A24: ZAF | B24: BAU | C24: ='Currencies & CETs'!F26 -> 4.7218304e+10 | D24: ='ceasumm_raw_results (260519)'!O10002 -> 2.5592577e+09 | F24: ='ceasumm_raw_results (260519)'!T10002 -> 14761247 | L24: ='ceasumm_raw_results (260519)'!P10002 -> 2.5044683e+09 | M24: ='ceasumm_raw_results (260519)'!Q10002 -> 1.6713628e+09 | N24: ='ceasumm_raw_results (260519)'!R10002 -> 3.5755612e+09 | P24: ='ceasumm_raw_results (260519)'!S10002 -> 0 | R24: ='ceasumm_raw_results (260519)'!U10002 -> 14793220 | S24: ='ceasumm_raw_results (260519)'!V10002 -> 13360800 | T24: ='ceasumm_raw_results (260519)'!W10002 -> 15973833
A25: ZAF | B25: VAX | C25: ='Currencies & CETs'!F27 -> 5.790389e+10 | D25: ='ceasumm_raw_results (260519)'!O14002 -> 3.1384222e+09 | E25: =D25-D$24 -> 5.7916455e+08 | F25: ='ceasumm_raw_results (260519)'!T14002 -> 11802831 | G25: =F$24-F25 -> 2958415.6 | H25: =E25/G25 -> 195.76849 | I25: ='ceasumm_raw_results (260519)'!AA14002 -> 1 | J25: ='ceasumm_raw_results (260519)'!AB14002 -> 1 | L25: ='ceasumm_raw_results (260519)'!P14002 -> 3.1110962e+09 | M25: ='ceasumm_raw_results (260519)'!Q14002 -> 2.178402e+09 | N25: ='ceasumm_raw_results (260519)'!R14002 -> 4.1747343e+09 | O25: =N25-N$24 -> 5.9917312e+08 | P25: ='ceasumm_raw_results (260519)'!S14002 -> 5.6588626e+08 | R25: ='ceasumm_raw_results (260519)'!U14002 -> 11812547 | S25: ='ceasumm_raw_results (260519)'!V14002 -> 10626017 | T25: ='ceasumm_raw_results (260519)'!W14002 -> 12789241 | U25: =T$24-T25 -> 3184592
A26: ZAF | B26: TPT | C26: ='Currencies & CETs'!F28 -> 5.0177749e+10 | D26: ='ceasumm_raw_results (260519)'!O13502 -> 2.7196612e+09 | E26: =D26-D$24 -> 1.6040351e+08 | F26: ='ceasumm_raw_results (260519)'!T13502 -> 14317578 | G26: =F$24-F26 -> 443668.96 | H26: =E26/G26 -> 361.53873 | I26: ='ceasumm_raw_results (260519)'!AA13502 -> 1 | J26: ='ceasumm_raw_results (260519)'!AB13502 -> 1 | L26: ='ceasumm_raw_results (260519)'!P13502 -> 2.6694795e+09 | M26: ='ceasumm_raw_results (260519)'!Q13502 -> 1.8445079e+09 | N26: ='ceasumm_raw_results (260519)'!R13502 -> 3.7151881e+09 | O26: =N26-N$24 -> 1.396269e+08 | P26: ='ceasumm_raw_results (260519)'!S13502 -> 1.5812191e+08 | R26: ='ceasumm_raw_results (260519)'!U13502 -> 14348320 | S26: ='ceasumm_raw_results (260519)'!V13502 -> 12980389 | T26: ='ceasumm_raw_results (260519)'!W13502 -> 15499399 | U26: =T$24-T26 -> 474434.19
A27: ZAF | B27: SCRhi | C27: ='Currencies & CETs'!F29 -> 2.2712405e+11 | D27: ='ceasumm_raw_results (260519)'!O11502 -> 1.2310247e+10 | E27: =D27-D$24 -> 9.7509891e+09 | F27: ='ceasumm_raw_results (260519)'!T11502 -> 10232280 | G27: =F$24-F27 -> 4528966.8 | H27: =E27/G27 -> 2153.0273 | I27: ='ceasumm_raw_results (260519)'!AA11502 -> 0.722 | J27: ='ceasumm_raw_results (260519)'!AB11502 -> 0.966 | L27: ='ceasumm_raw_results (260519)'!P11502 -> 1.200923e+10 | M27: ='ceasumm_raw_results (260519)'!Q11502 -> 8.441124e+09 | N27: ='ceasumm_raw_results (260519)'!R11502 -> 1.7464241e+10 | O27: =N27-N$24 -> 1.388868e+10 | P27: ='ceasumm_raw_results (260519)'!S11502 -> 9.4215573e+09 | R27: ='ceasumm_raw_results (260519)'!U11502 -> 10263525 | S27: ='ceasumm_raw_results (260519)'!V11502 -> 9245608.8 | T27: ='ceasumm_raw_results (260519)'!W11502 -> 11088156 | U27: =T$24-T27 -> 4885677.4
A28: ZAF | B28: SCRlo | C28: ='Currencies & CETs'!F30 -> 8.2802365e+10 | D28: ='ceasumm_raw_results (260519)'!O12002 -> 4.4879331e+09 | E28: =D28-D$24 -> 1.9286754e+09 | F28: ='ceasumm_raw_results (260519)'!T12002 -> 10232280 | G28: =F$24-F28 -> 4528966.8 | H28: =E28/G28 -> 425.85328 | I28: ='ceasumm_raw_results (260519)'!AA12002 -> 1 | J28: ='ceasumm_raw_results (260519)'!AB12002 -> 1 | L28: ='ceasumm_raw_results (260519)'!P12002 -> 4.4553526e+09 | M28: ='ceasumm_raw_results (260519)'!Q12002 -> 3.3896125e+09 | N28: ='ceasumm_raw_results (260519)'!R12002 -> 5.7730457e+09 | O28: =N28-N$24 -> 2.1974845e+09 | P28: ='ceasumm_raw_results (260519)'!S12002 -> 1.9047404e+09 | R28: ='ceasumm_raw_results (260519)'!U12002 -> 10263525 | S28: ='ceasumm_raw_results (260519)'!V12002 -> 9245608.8 | T28: ='ceasumm_raw_results (260519)'!W12002 -> 11088156 | U28: =T$24-T28 -> 4885677.4
A29: ZAF | B29: DGN | C29: ='Currencies & CETs'!F31 -> 5.0464091e+10 | D29: ='ceasumm_raw_results (260519)'!O10502 -> 2.7351811e+09 | E29: =D29-D$24 -> 1.7592343e+08 | F29: ='ceasumm_raw_results (260519)'!T10502 -> 14547715 | G29: =F$24-F29 -> 213532.42 | H29: =E29/G29 -> 823.87223 | I29: ='ceasumm_raw_results (260519)'!AA10502 -> 0.752 | J29: ='ceasumm_raw_results (260519)'!AB10502 -> 0.834 | L29: ='ceasumm_raw_results (260519)'!P10502 -> 2.7010273e+09 | M29: ='ceasumm_raw_results (260519)'!Q10502 -> 1.9023522e+09 | N29: ='ceasumm_raw_results (260519)'!R10502 -> 3.7003371e+09 | O29: =N29-N$24 -> 1.2477589e+08 | P29: ='ceasumm_raw_results (260519)'!S10502 -> 1.6996604e+08 | R29: ='ceasumm_raw_results (260519)'!U10502 -> 14582803 | S29: ='ceasumm_raw_results (260519)'!V10502 -> 13173720 | T29: ='ceasumm_raw_results (260519)'!W10502 -> 15735360 | U29: =T$24-T29 -> 238472.92
A30: ZAF | B30: DST | C30: ='Currencies & CETs'!F32 -> 4.7619297e+10 | D30: ='ceasumm_raw_results (260519)'!O11002 -> 2.5809917e+09 | E30: =D30-D$24 -> 21734011 | F30: ='ceasumm_raw_results (260519)'!T11002 -> 14672804 | G30: =F$24-F30 -> 88443.325 | H30: =E30/G30 -> 245.73942 | I30: ='ceasumm_raw_results (260519)'!AA11002 -> 1 | J30: ='ceasumm_raw_results (260519)'!AB11002 -> 1 | L30: ='ceasumm_raw_results (260519)'!P11002 -> 2.5210277e+09 | M30: ='ceasumm_raw_results (260519)'!Q11002 -> 1.6931872e+09 | N30: ='ceasumm_raw_results (260519)'!R11002 -> 3.5948812e+09 | O30: =N30-N$24 -> 19320021 | P30: ='ceasumm_raw_results (260519)'!S11002 -> 21184994 | R30: ='ceasumm_raw_results (260519)'!U11002 -> 14706567 | S30: ='ceasumm_raw_results (260519)'!V11002 -> 13273774 | T30: ='ceasumm_raw_results (260519)'!W11002 -> 15867992 | U30: =T$24-T30 -> 105840.98
A31: ZAF | B31: SDS | C31: ='Currencies & CETs'!F33 -> 4.8814238e+10 | D31: ='ceasumm_raw_results (260519)'!O13002 -> 2.6457582e+09 | E31: =D31-D$24 -> 86500496 | F31: ='ceasumm_raw_results (260519)'!T13002 -> 14761247 | G31: =F$24-F31 -> 0 | H31: =E31/G31 -> #DIV/0! | I31: ='ceasumm_raw_results (260519)'!AA13002 -> 0 | J31: ='ceasumm_raw_results (260519)'!AB13002 -> 0 | L31: ='ceasumm_raw_results (260519)'!P13002 -> 2.6142426e+09 | M31: ='ceasumm_raw_results (260519)'!Q13002 -> 1.7375056e+09 | N31: ='ceasumm_raw_results (260519)'!R13002 -> 3.6806081e+09 | O31: =N31-N$24 -> 1.0504689e+08 | P31: ='ceasumm_raw_results (260519)'!S13002 -> 83220867 | R31: ='ceasumm_raw_results (260519)'!U13002 -> 14793220 | S31: ='ceasumm_raw_results (260519)'!V13002 -> 13360800 | T31: ='ceasumm_raw_results (260519)'!W13002 -> 15973833 | U31: =T$24-T31 -> 0
A32: ZAF | B32: SDR | C32: ='Currencies & CETs'!F34 -> 4.6533732e+10 | D32: ='ceasumm_raw_results (260519)'!O12502 -> 2.5221535e+09 | E32: =D32-D$24 -> -37104160 | F32: ='ceasumm_raw_results (260519)'!T12502 -> 14572727 | G32: =F$24-F32 -> 188519.68 | H32: =E32/G32 -> -196.8185 | I32: ='ceasumm_raw_results (260519)'!AA12502 -> 1 | J32: ='ceasumm_raw_results (260519)'!AB12502 -> 1 | L32: ='ceasumm_raw_results (260519)'!P12502 -> 2.479236e+09 | M32: ='ceasumm_raw_results (260519)'!Q12502 -> 1.6342374e+09 | N32: ='ceasumm_raw_results (260519)'!R12502 -> 3.542131e+09 | O32: =N32-N$24 -> -33430163 | P32: ='ceasumm_raw_results (260519)'!S12502 -> -35420560 | R32: ='ceasumm_raw_results (260519)'!U12502 -> 14604988 | S32: ='ceasumm_raw_results (260519)'!V12502 -> 13180938 | T32: ='ceasumm_raw_results (260519)'!W12502 -> 15745057 | U32: =T$24-T32 -> 228776.64
O33: =O28/O27 -> 0.15822126 | P33: =P28/P27 -> 0.20216832

Sheet Tables
A1: 3.3a
A2: BRAZIL | B2: Intervention | C2: Mean total cost (billion R$) | D2: Mean total cost (billion US$) | E2: Incremental cost compared to BAU (million US$) | F2: Mean total DALYs (million) | G2: DALYs averted compared to BAU (million) | H2: ICER compared to BAU (US$ per DALY averted) | I2: Probability cost-effective at lower end of threshold range (US$6,968 per DALY) | J2: Probability cost-effective at upper end of threshold range (US$10,735 per DALY)
B3: Business as usual | C3: =Summaries!C2/1000000000 -> 8.0397031 | D3: =Summaries!D2/1000000000 -> 1.6111629 | E3: - | F3: =Summaries!F2/1000000 -> 6.4897236 | G3: - | H3: - | I3: - | J3: -
B4: Vaccination | C4: =Summaries!C3/1000000000 -> 19.778932 | D4: =Summaries!D3/1000000000 -> 3.9637137 | E4: =Summaries!E3/1000000 -> 2352.5508 | F4: =Summaries!F3/1000000 -> 5.0027748 | G4: =Summaries!G3/1000000 -> 1.4869487 | H4: =Summaries!H3 -> 1582.1331 | I4: =Summaries!I3 -> 1 | J4: =Summaries!J3 -> 1
B5: TB preventive treatment | C5: =Summaries!C4/1000000000 -> 8.291257 | D5: =Summaries!D4/1000000000 -> 1.6615746 | E5: =Summaries!E4/1000000 -> 50.411611 | F5: =Summaries!F4/1000000 -> 6.4266373 | G5: =Summaries!G4/1000000 -> 0.063086293 | H5: =Summaries!H4 -> 799.08977 | I5: =Summaries!I4 -> 1 | J5: =Summaries!J4 -> 1
B6: Community screening (high-cost) | C6: =Summaries!C5/1000000000 -> 192.29125 | D6: =Summaries!D5/1000000000 -> 38.53532 | E6: =Summaries!E5/1000000 -> 36924.157 | F6: =Summaries!F5/1000000 -> 3.9031616 | G6: =Summaries!G5/1000000 -> 2.5865619 | H6: =Summaries!H5 -> 14275.381 | I6: =Summaries!I5 -> 0.008 | J6: =Summaries!J5 -> 0.182
B7: Community screening (low-cost) | C7: =Summaries!C6/1000000000 -> 40.424882 | D7: =Summaries!D6/1000000000 -> 8.1011788 | E7: =Summaries!E6/1000000 -> 6490.0159 | F7: =Summaries!F6/1000000 -> 3.9031616 | G7: =Summaries!G6/1000000 -> 2.5865619 | H7: =Summaries!H6 -> 2509.1283 | I7: =Summaries!I6 -> 1 | J7: =Summaries!J6 -> 1
B8: Improved diagnosis | C8: =Summaries!C7/1000000000 -> 10.894149 | D8: =Summaries!D7/1000000000 -> 2.1831962 | E8: =Summaries!E7/1000000 -> 572.03329 | F8: =Summaries!F7/1000000 -> 6.3499128 | G8: =Summaries!G7/1000000 -> 0.13981072 | H8: =Summaries!H7 -> 4091.4838 | I8: =Summaries!I7 -> 0.808 | J8: =Summaries!J7 -> 0.922
B9: Drug susceptibility testing for all | C9: =Summaries!C8/1000000000 -> 9.2705148 | D9: =Summaries!D8/1000000000 -> 1.8578186 | E9: =Summaries!E8/1000000 -> 246.65566 | F9: =Summaries!F8/1000000 -> 6.3770852 | G9: =Summaries!G8/1000000 -> 0.1126384 | H9: =Summaries!H8 -> 2189.8008 | I9: =Summaries!I8 -> 1 | J9: =Summaries!J8 -> 1
B10: Shorter DS-TB treatment | C10: =Summaries!C9/1000000000 -> 8.5291709 | D10: =Summaries!D9/1000000000 -> 1.7092527 | E10: =Summaries!E9/1000000 -> 98.08975 | F10: =Summaries!F9/1000000 -> 6.4897236 | G10: =Summaries!G9/1000000 -> 0 | H10: =IF(Summaries!G9=0,"Dominated by BAU",Summaries!H9) -> Dominated by BAU | I10: =Summaries!I9 -> 0 | J10: =Summaries!J9 -> 0
B11: Shorter DR-TB treatment | C11: =Summaries!C10/1000000000 -> 6.3607333 | D11: =Summaries!D10/1000000000 -> 1.274696 | E11: =Summaries!E10/1000000 -> -336.4669 | F11: =Summaries!F10/1000000 -> 6.3792249 | G11: =Summaries!G10/1000000 -> 0.11049864 | H11: =IF(Summaries!H10<0,"Dominates BAU",Summaries!H10) -> Dominates BAU | I11: =Summaries!I10 -> 1 | J11: =Summaries!J10 -> 1
B12: Screening in prisons | C12: =Summaries!C11/1000000000 -> 8.9914634 | D12: =Summaries!D11/1000000000 -> 1.8018965 | E12: =Summaries!E11/1000000 -> 190.73354 | F12: =Summaries!F11/1000000 -> 5.1854626 | G12: =Summaries!G11/1000000 -> 1.304261 | H12: =Summaries!H11 -> 146.23878 | I12: =Summaries!I11 -> 1 | J12: =Summaries!J11 -> 1
A13: 3.3b
A14: INDIA | B14: Intervention | C14: Mean total cost (trillion INR) | D14: Mean total cost (billion US$) | E14: Incremental cost compared to BAU (billion US$) | F14: Mean total DALYs (million) | G14: DALYs averted compared to BAU (million) | H14: ICER compared to BAU (US$ per DALY averted) | I14: Probability cost-effective at lower end of threshold range (US$413 per DALY) | J14: Probability cost-effective at upper end of threshold range (US$569 per DALY)
B15: Business as usual | C15: =Summaries!C13/1000000000000 -> 1.4832441 | D15: =Summaries!D13/1000000000 -> 17.91574 | E15: - | F15: =Summaries!F13/1000000 -> 91.20066 | G15: - | H15: - | I15: - | J15: -
B16: Vaccination | C16: =Summaries!C14/1000000000000 -> 2.7718347 | D16: =Summaries!D14/1000000000 -> 33.480308 | E16: =Summaries!E14/1000000000 -> 15.564568 | F16: =Summaries!F14/1000000 -> 80.713121 | G16: =Summaries!G14/1000000 -> 10.487539 | H16: =Summaries!H14 -> 1484.1011 | I16: =Summaries!I14 -> 0 | J16: =Summaries!J14 -> 0.002
B17: TB preventive treatment | C17: =Summaries!C15/1000000000000 -> 1.584983 | D17: =Summaries!D15/1000000000 -> 19.144619 | E17: =Summaries!E15/1000000000 -> 1.2288796 | F17: =Summaries!F15/1000000 -> 88.084845 | G17: =Summaries!G15/1000000 -> 3.1158149 | H17: =Summaries!H15 -> 394.40071 | I17: =Summaries!I15 -> 0.628 | J17: =Summaries!J15 -> 0.976
B18: Community screening (high-cost) | C18: =Summaries!C16/1000000000000 -> 21.690362 | D18: =Summaries!D16/1000000000 -> 261.99254 | E18: =Summaries!E16/1000000000 -> 244.0768 | F18: =Summaries!F16/1000000 -> 62.119515 | G18: =Summaries!G16/1000000 -> 29.081144 | H18: =Summaries!H16 -> 8392.9571 | I18: =Summaries!I16 -> 0 | J18: =Summaries!J16 -> 0
B19: Community screening (low-cost) | C19: =Summaries!C17/1000000000000 -> 4.0644245 | D19: =Summaries!D17/1000000000 -> 49.093181 | E19: =Summaries!E17/1000000000 -> 31.177441 | F19: =Summaries!F17/1000000 -> 62.119515 | G19: =Summaries!G17/1000000 -> 29.081144 | H19: =Summaries!H17 -> 1072.0844 | I19: =Summaries!I17 -> 0 | J19: =Summaries!J17 -> 0
B20: Improved diagnosis | C20: =Summaries!C18/1000000000000 -> 2.4367718 | D20: =Summaries!D18/1000000000 -> 29.433166 | E20: =Summaries!E18/1000000000 -> 11.517426 | F20: =Summaries!F18/1000000 -> 90.32913 | G20: =Summaries!G18/1000000 -> 0.87152919 | H20: =Summaries!H18 -> 13215.193 | I20: =Summaries!I18 -> 0.018 | J20: =Summaries!J18 -> 0.02
B21: Drug susceptibility testing for all | C21: =Summaries!C19/1000000000000 -> 1.5465573 | D21: =Summaries!D19/1000000000 -> 18.680484 | E21: =Summaries!E19/1000000000 -> 0.76474426 | F21: =Summaries!F19/1000000 -> 90.093481 | G21: =Summaries!G19/1000000 -> 1.107179 | H21: =Summaries!H19 -> 690.71417 | I21: =Summaries!I19 -> 0.024 | J21: =Summaries!J19 -> 0.242
B22: Shorter DS-TB treatment | C22: =Summaries!C20/1000000000000 -> 1.6028838 | D22: =Summaries!D20/1000000000 -> 19.360839 | E22: =Summaries!E20/1000000000 -> 1.445099 | F22: =Summaries!F20/1000000 -> 91.20066 | G22: =Summaries!G20/1000000 -> 0 | H22: =IF(Summaries!G20=0,"Dominated by BAU",Summaries!H20) -> Dominated by BAU | I22: =Summaries!I20 -> 0 | J22: =Summaries!J20 -> 0
B23: Shorter DR-TB treatment | C23: =Summaries!C21/1000000000000 -> 1.4577378 | D23: =Summaries!D21/1000000000 -> 17.607656 | E23: =Summaries!E21/1000000000 -> -0.3080837 | F23: =Summaries!F21/1000000 -> 89.095112 | G23: =Summaries!G21/1000000 -> 2.105548 | H23: =IF(Summaries!H21<0,"Dominates BAU",Summaries!H21) -> Dominates BAU | I23: =Summaries!I21 -> 1 | J23: =Summaries!J21 -> 1
B24: Nutrition | C24: =Summaries!C22/1000000000000 -> 1.6700739 | D24: =Summaries!D22/1000000000 -> 20.172411 | E24: =Summaries!E22/1000000000 -> 2.2566712 | F24: =Summaries!F22/1000000 -> 83.169247 | G24: =Summaries!G22/1000000 -> 8.0314131 | H24: =Summaries!H22 -> 280.98058 | I24: =Summaries!I22 -> 0.986 | J24: =Summaries!J22 -> 1
A25: 3.3c
A26: SOUTH AFRICA | B26: Intervention | C26: Mean total cost (billion R$) | D26: Mean total cost (billion US$) | E26: Incremental cost compared to BAU (million US$) | F26: Mean total DALYs (million) | G26: DALYs averted compared to BAU (million) | H26: ICER compared to BAU (US$ per DALY averted) | I26: Probability cost-effective at lower end of threshold range (US$2,444 per DALY) | J26: Probability cost-effective at upper end of threshold range (US$3,285 per DALY)
B27: Business as usual | C27: =Summaries!C24/1000000000 -> 47.218304 | D27: =Summaries!D24/1000000000 -> 2.5592577 | E27: - | F27: =Summaries!F24/1000000 -> 14.761247 | G27: - | I27: - | J27: -
B28: Vaccination | C28: =Summaries!C25/1000000000 -> 57.90389 | D28: =Summaries!D25/1000000000 -> 3.1384222 | E28: =Summaries!E25/1000000 -> 579.16455 | F28: =Summaries!F25/1000000 -> 11.802831 | G28: =Summaries!G25/1000000 -> 2.9584156 | H28: =Summaries!H25 -> 195.76849 | I28: =Summaries!I25 -> 1 | J28: =Summaries!J25 -> 1
B29: TB preventive treatment | C29: =Summaries!C26/1000000000 -> 50.177749 | D29: =Summaries!D26/1000000000 -> 2.7196612 | E29: =Summaries!E26/1000000 -> 160.40351 | F29: =Summaries!F26/1000000 -> 14.317578 | G29: =Summaries!G26/1000000 -> 0.44366896 | H29: =Summaries!H26 -> 361.53873 | I29: =Summaries!I26 -> 1 | J29: =Summaries!J26 -> 1
B30: Community screening (high-cost) | C30: =Summaries!C27/1000000000 -> 227.12405 | D30: =Summaries!D27/1000000000 -> 12.310247 | E30: =Summaries!E27/1000000 -> 9750.9891 | F30: =Summaries!F27/1000000 -> 10.23228 | G30: =Summaries!G27/1000000 -> 4.5289668 | H30: =Summaries!H27 -> 2153.0273 | I30: =Summaries!I27 -> 0.722 | J30: =Summaries!J27 -> 0.966
B31: Community screening (low-cost) | C31: =Summaries!C28/1000000000 -> 82.802365 | D31: =Summaries!D28/1000000000 -> 4.4879331 | E31: =Summaries!E28/1000000 -> 1928.6754 | F31: =Summaries!F28/1000000 -> 10.23228 | G31: =Summaries!G28/1000000 -> 4.5289668 | H31: =Summaries!H28 -> 425.85328 | I31: =Summaries!I28 -> 1 | J31: =Summaries!J28 -> 1
B32: Improved diagnosis | C32: =Summaries!C29/1000000000 -> 50.464091 | D32: =Summaries!D29/1000000000 -> 2.7351811 | E32: =Summaries!E29/1000000 -> 175.92343 | F32: =Summaries!F29/1000000 -> 14.547715 | G32: =Summaries!G29/1000000 -> 0.21353242 | H32: =Summaries!H29 -> 823.87223 | I32: =Summaries!I29 -> 0.752 | J32: =Summaries!J29 -> 0.834
B33: Drug susceptibility testing for all | C33: =Summaries!C30/1000000000 -> 47.619297 | D33: =Summaries!D30/1000000000 -> 2.5809917 | E33: =Summaries!E30/1000000 -> 21.734011 | F33: =Summaries!F30/1000000 -> 14.672804 | G33: =Summaries!G30/1000000 -> 0.088443325 | H33: =Summaries!H30 -> 245.73942 | I33: =Summaries!I30 -> 1 | J33: =Summaries!J30 -> 1
B34: Shorter DS-TB treatment | C34: =Summaries!C31/1000000000 -> 48.814238 | D34: =Summaries!D31/1000000000 -> 2.6457582 | E34: =Summaries!E31/1000000 -> 86.500496 | F34: =Summaries!F31/1000000 -> 14.761247 | G34: =Summaries!G31/1000000 -> 0 | H34: =IF(Summaries!G31=0,"Dominated by BAU",Summaries!H31) -> Dominated by BAU | I34: =Summaries!I31 -> 0 | J34: =Summaries!J31 -> 0
B35: Shorter DR-TB treatment | C35: =Summaries!C32/1000000000 -> 46.533732 | D35: =Summaries!D32/1000000000 -> 2.5221535 | E35: =Summaries!E32/1000000 -> -37.10416 | F35: =Summaries!F32/1000000 -> 14.572727 | G35: =Summaries!G32/1000000 -> 0.18851968 | H35: =IF(Summaries!H32<0,"Dominates BAU",Summaries!H32) -> Dominates BAU | I35: =Summaries!I32 -> 1 | J35: =Summaries!J32 -> 1
